/* OSCLASS MYSQL Autobackup (08/06/2015 11:15 PM) */
/* Table structure for table `oc_t_locale` */
CREATE TABLE IF NOT EXISTS `oc_t_locale` (
  `pk_c_code` char(5) NOT NULL,
  `s_name` varchar(100) NOT NULL,
  `s_short_name` varchar(40) NOT NULL,
  `s_description` varchar(100) NOT NULL,
  `s_version` varchar(20) NOT NULL,
  `s_author_name` varchar(100) NOT NULL,
  `s_author_url` varchar(100) NOT NULL,
  `s_currency_format` varchar(50) NOT NULL,
  `s_dec_point` varchar(2) DEFAULT '.',
  `s_thousands_sep` varchar(2) DEFAULT '',
  `i_num_dec` tinyint(4) DEFAULT '2',
  `s_date_format` varchar(20) NOT NULL,
  `s_stop_words` text,
  `b_enabled` tinyint(1) NOT NULL DEFAULT '1',
  `b_enabled_bo` tinyint(1) NOT NULL DEFAULT '1',
  PRIMARY KEY (`pk_c_code`),
  UNIQUE KEY `s_short_name` (`s_short_name`)
) ENGINE=InnoDB DEFAULT CHARSET=utf8;

/* dumping data for table `oc_t_locale` */
insert into `oc_t_locale` values
('en_US','English (US)','English','American english translation','2.3','Osclass','http://osclass.org/','{NUMBER} {CURRENCY}','.','',2,'m/d/Y','i,a,about,an,are,as,at,be,by,com,for,from,how,in,is,it,of,on,or,that,the,this,to,was,what,when,where,who,will,with,the',1,1),
('ro_RO','Romanian','Romanian','Romanian translation','Osclass 3.5.0','Osclass','http://osclass.org/','{NUMBER} {CURRENCY}','.','',2,'m/d/Y','',1,1);

/* Table structure for table `oc_t_country` */
CREATE TABLE IF NOT EXISTS `oc_t_country` (
  `pk_c_code` char(2) NOT NULL,
  `s_name` varchar(80) NOT NULL,
  `s_slug` varchar(80) NOT NULL DEFAULT '',
  PRIMARY KEY (`pk_c_code`),
  KEY `idx_s_slug` (`s_slug`),
  KEY `idx_s_name` (`s_name`)
) ENGINE=InnoDB DEFAULT CHARSET=utf8;

/* dumping data for table `oc_t_country` */
insert into `oc_t_country` values
('RO','Romania','romania');

/* Table structure for table `oc_t_currency` */
CREATE TABLE IF NOT EXISTS `oc_t_currency` (
  `pk_c_code` char(3) NOT NULL,
  `s_name` varchar(40) NOT NULL,
  `s_description` varchar(80) DEFAULT NULL,
  `b_enabled` tinyint(1) NOT NULL DEFAULT '1',
  PRIMARY KEY (`pk_c_code`),
  UNIQUE KEY `s_name` (`s_name`)
) ENGINE=InnoDB DEFAULT CHARSET=utf8;

/* dumping data for table `oc_t_currency` */
insert into `oc_t_currency` values
('RON','RON','RON',1);

/* Table structure for table `oc_t_region` */
CREATE TABLE IF NOT EXISTS `oc_t_region` (
  `pk_i_id` int(10) unsigned NOT NULL AUTO_INCREMENT,
  `fk_c_country_code` char(2) NOT NULL,
  `s_name` varchar(60) NOT NULL,
  `s_slug` varchar(60) NOT NULL DEFAULT '',
  `b_active` tinyint(1) NOT NULL DEFAULT '1',
  PRIMARY KEY (`pk_i_id`),
  KEY `fk_c_country_code` (`fk_c_country_code`),
  KEY `idx_s_name` (`s_name`),
  KEY `idx_s_slug` (`s_slug`),
  CONSTRAINT `oc_t_region_ibfk_1` FOREIGN KEY (`fk_c_country_code`) REFERENCES `oc_t_country` (`pk_c_code`)
) ENGINE=InnoDB AUTO_INCREMENT=782195 DEFAULT CHARSET=utf8;

/* dumping data for table `oc_t_region` */
insert into `oc_t_region` values
(782153,'RO','Alba','alba',1),
(782154,'RO','Arad','arad',1),
(782155,'RO','Arges','arges',1),
(782156,'RO','Bacau','bacau',1),
(782157,'RO','Bihor','bihor',1),
(782158,'RO','Bistrita-Nasaud','bistrita-nasaud',1),
(782159,'RO','Botosani','botosani',1),
(782160,'RO','Braila','braila',1),
(782161,'RO','Brasov','brasov',1),
(782162,'RO','Bucuresti','bucuresti',1),
(782163,'RO','Buzau','buzau',1),
(782164,'RO','Calarasi','calarasi',1),
(782165,'RO','Caras-Severin','caras-severin',1),
(782166,'RO','Cluj','cluj',1),
(782167,'RO','Constanta','constanta',1),
(782168,'RO','Covasna','covasna',1),
(782169,'RO','Dambovita','dambovita',1),
(782170,'RO','Dolj','dolj',1),
(782171,'RO','Galati','galati',1),
(782172,'RO','Giurgiu','giurgiu',1),
(782173,'RO','Gorj','gorj',1),
(782174,'RO','Harghita','harghita',1),
(782175,'RO','Hunedoara','hunedoara',1),
(782176,'RO','Ialomita','ialomita',1),
(782177,'RO','Iasi','iasi',1),
(782178,'RO','Ilfov','ilfov',1),
(782179,'RO','Maramures','maramures',1),
(782180,'RO','Mehedinti','mehedinti',1),
(782181,'RO','Mures','mures',1),
(782182,'RO','Neamt','neamt',1),
(782183,'RO','Olt','olt',1),
(782184,'RO','Prahova','prahova',1),
(782185,'RO','Salaj','salaj',1),
(782186,'RO','Satu-Mare','satu-mare',1),
(782187,'RO','Sibiu','sibiu',1),
(782188,'RO','Suceava','suceava',1),
(782189,'RO','Teleorman','teleorman',1),
(782190,'RO','Timis','timis',1),
(782191,'RO','Tulcea','tulcea',1),
(782192,'RO','Valcea','valcea',1),
(782193,'RO','Vaslui','vaslui',1),
(782194,'RO','Vrancea','vrancea',1);

/* Table structure for table `oc_t_city` */
CREATE TABLE IF NOT EXISTS `oc_t_city` (
  `pk_i_id` int(10) unsigned NOT NULL AUTO_INCREMENT,
  `fk_i_region_id` int(10) unsigned NOT NULL,
  `s_name` varchar(60) NOT NULL,
  `s_slug` varchar(60) NOT NULL DEFAULT '',
  `fk_c_country_code` char(2) DEFAULT NULL,
  `b_active` tinyint(1) NOT NULL DEFAULT '1',
  PRIMARY KEY (`pk_i_id`),
  KEY `fk_i_region_id` (`fk_i_region_id`),
  KEY `idx_s_name` (`s_name`),
  KEY `idx_s_slug` (`s_slug`),
  KEY `fk_c_country_code` (`fk_c_country_code`),
  CONSTRAINT `oc_t_city_ibfk_1` FOREIGN KEY (`fk_i_region_id`) REFERENCES `oc_t_region` (`pk_i_id`),
  CONSTRAINT `oc_t_city_ibfk_2` FOREIGN KEY (`fk_c_country_code`) REFERENCES `oc_t_country` (`pk_c_code`)
) ENGINE=InnoDB AUTO_INCREMENT=465802 DEFAULT CHARSET=utf8;

/* dumping data for table `oc_t_city` */
insert into `oc_t_city` values
(462667,782153,'Abrud','abrud','RO',1),
(462668,782153,'Aiud','aiud','RO',1),
(462669,782153,'Alba Iulia','alba-iulia','RO',1),
(462670,782153,'Albac','albac','RO',1),
(462671,782153,'Almasu Mare','almasu-mare','RO',1),
(462672,782153,'Arieseni','arieseni','RO',1),
(462673,782153,'Avram Iancu','avram-iancu','RO',1),
(462674,782153,'Baia de Aries','baia-de-aries','RO',1),
(462675,782153,'Berghin','berghin','RO',1),
(462676,782153,'Bistra','bistra','RO',1),
(462677,782153,'Blaj','blaj','RO',1),
(462678,782153,'Blandiana','blandiana','RO',1),
(462679,782153,'Bucium','bucium','RO',1),
(462680,782153,'Calnic','calnic','RO',1),
(462681,782153,'Campeni','campeni','RO',1),
(462682,782153,'Cenade','cenade','RO',1),
(462683,782153,'Cergau','cergau','RO',1),
(462684,782153,'Cergau Mare','cergau-mare','RO',1),
(462685,782153,'Ceru Bacainti','ceru-bacainti','RO',1),
(462686,782153,'Cetatea de Balta','cetatea-de-balta','RO',1),
(462687,782153,'Ciugud','ciugud','RO',1),
(462688,782153,'Ciuruleasa','ciuruleasa','RO',1),
(462689,782153,'Craciunelu de Jos','craciunelu-de-jos','RO',1),
(462690,782153,'Cricau','cricau','RO',1),
(462691,782153,'Cugir','cugir','RO',1),
(462692,782153,'Daia Romana','daia-romana','RO',1),
(462693,782153,'Dostat','dostat','RO',1),
(462694,782153,'Farau','farau','RO',1),
(462695,782153,'Galda de Jos','galda-de-jos','RO',1),
(462696,782153,'Garbova','garbova','RO',1),
(462697,782153,'Garda de Sus','garda-de-sus','RO',1),
(462698,782153,'Hoparta','hoparta','RO',1),
(462699,782153,'Horea','horea','RO',1),
(462700,782153,'Ighiu','ighiu','RO',1),
(462701,782153,'Intregalde','intregalde','RO',1),
(462702,782153,'Jidvei','jidvei','RO',1),
(462703,782153,'Livezile','livezile','RO',1),
(462704,782153,'Lopadea Noua','lopadea-noua','RO',1),
(462705,782153,'Lunca Muresului','lunca-muresului','RO',1),
(462706,782153,'Lupsa','lupsa','RO',1),
(462707,782153,'Metes','metes','RO',1),
(462708,782153,'Mihalt','mihalt','RO',1),
(462709,782153,'Miraslau','miraslau','RO',1),
(462710,782153,'Mogos','mogos','RO',1),
(462711,782153,'Noslac','noslac','RO',1),
(462712,782153,'Ocna Mures','ocna-mures','RO',1),
(462713,782153,'Ocolis','ocolis','RO',1),
(462714,782153,'Ohaba','ohaba','RO',1),
(462715,782153,'Pianu','pianu','RO',1),
(462716,782153,'Poiana Vadului','poiana-vadului','RO',1),
(462717,782153,'Ponor','ponor','RO',1),
(462718,782153,'Posaga','posaga','RO',1),
(462719,782153,'Radesti','radesti','RO',1),
(462720,782153,'Ramet','ramet','RO',1),
(462721,782153,'Rimetea','rimetea','RO',1),
(462722,782153,'Rosia de Secas','rosia-de-secas','RO',1),
(462723,782153,'Rosia Montana','rosia-montana','RO',1),
(462724,782153,'Salciua','salciua','RO',1),
(462725,782153,'Salistea','salistea','RO',1),
(462726,782153,'Sancel','sancel','RO',1),
(462727,782153,'Santimbru','santimbru','RO',1),
(462728,782153,'Sasciori','sasciori','RO',1),
(462729,782153,'Scarisoara','scarisoara','RO',1),
(462730,782153,'Sebes','sebes','RO',1),
(462731,782153,'Sibot','sibot','RO',1),
(462732,782153,'Sohodol','sohodol','RO',1),
(462733,782153,'Sona','sona','RO',1),
(462734,782153,'Spring','spring','RO',1),
(462735,782153,'Stremt','stremt','RO',1),
(462736,782153,'Sugag','sugag','RO',1),
(462737,782153,'Teius','teius','RO',1),
(462738,782153,'Unirea','unirea','RO',1),
(462739,782153,'Vadu Motilor','vadu-motilor','RO',1),
(462740,782153,'Valea Lunga','valea-lunga','RO',1),
(462741,782153,'Vidra','vidra','RO',1),
(462742,782153,'Vintu de Jos','vintu-de-jos','RO',1),
(462743,782153,'Zlatna','zlatna','RO',1),
(462744,782154,'Almas','almas','RO',1),
(462746,782154,'Apateu','apateu','RO',1),
(462747,782154,'Arad','arad','RO',1),
(462748,782154,'Archis','archis','RO',1),
(462749,782154,'Barsa','barsa','RO',1),
(462750,782154,'Barzava','barzava','RO',1),
(462751,782154,'Bata','bata','RO',1),
(462752,782154,'Beliu','beliu','RO',1),
(462753,782154,'Birchis','birchis','RO',1),
(462754,782154,'Bocsig','bocsig','RO',1),
(462755,782154,'Brazii','brazii','RO',1),
(462756,782154,'Buteni','buteni','RO',1),
(462757,782154,'Carand','carand','RO',1),
(462758,782154,'Cermei','cermei','RO',1),
(462759,782154,'Chisindia','chisindia','RO',1),
(462760,782154,'Chisineu Cris','chisineu-cris','RO',1),
(462761,782154,'Conop','conop','RO',1),
(462762,782154,'Covasint','covasint','RO',1),
(462763,782154,'Craiva','craiva','RO',1),
(462764,782154,'Curtici','curtici','RO',1),
(462765,782154,'Dezna','dezna','RO',1),
(462766,782154,'Dieci','dieci','RO',1),
(462767,782154,'Dorgos','dorgos','RO',1),
(462768,782154,'Fantanele','fantanele','RO',1),
(462769,782154,'Felnac','felnac','RO',1),
(462770,782154,'Ghioroc','ghioroc','RO',1),
(462771,782154,'Graniceri','graniceri','RO',1),
(462772,782154,'Gurahont','gurahont','RO',1),
(462773,782154,'Halmagel','halmagel','RO',1),
(462774,782154,'Halmagiu','halmagiu','RO',1),
(462775,782154,'Hasmas','hasmas','RO',1),
(462776,782154,'Ignesti','ignesti','RO',1),
(462777,782154,'Ineu','ineu','RO',1),
(462778,782154,'Iratosu','iratosu','RO',1),
(462779,782154,'Lipova','lipova','RO',1),
(462780,782154,'Livada','livada','RO',1),
(462781,782154,'Macea','macea','RO',1),
(462782,782154,'Masca','masca','RO',1),
(462783,782154,'Misca','misca','RO',1),
(462784,782154,'Moneasa','moneasa','RO',1),
(462785,782154,'Nadlac','nadlac','RO',1),
(462786,782154,'Olari','olari','RO',1),
(462787,782154,'Pancota','pancota','RO',1),
(462788,782154,'Paulis','paulis','RO',1),
(462789,782154,'Pecica','pecica','RO',1),
(462790,782154,'Peregu Mare','peregu-mare','RO',1),
(462791,782154,'Petris','petris','RO',1),
(462792,782154,'Pilu','pilu','RO',1),
(462793,782154,'Plescuta','plescuta','RO',1),
(462794,782154,'Sagu','sagu','RO',1),
(462795,782154,'Santana','santana','RO',1),
(462796,782154,'Savarsin','savarsin','RO',1),
(462797,782154,'Sebis','sebis','RO',1),
(462798,782154,'Secusigiu','secusigiu','RO',1),
(462799,782154,'Seitin','seitin','RO',1),
(462800,782154,'Seleus','seleus','RO',1),
(462801,782154,'Semlac','semlac','RO',1),
(462802,782154,'Sepreus','sepreus','RO',1),
(462803,782154,'Sicula','sicula','RO',1),
(462804,782154,'Silindia','silindia','RO',1),
(462805,782154,'Simand','simand','RO',1),
(462806,782154,'Sintea Mare','sintea-mare','RO',1),
(462807,782154,'Siria','siria','RO',1),
(462808,782154,'Sistarovat','sistarovat','RO',1),
(462809,782154,'Socodor','socodor','RO',1),
(462810,782154,'Sofronea','sofronea','RO',1),
(462811,782154,'Tarnova','tarnova','RO',1),
(462812,782154,'Taut','taut','RO',1),
(462813,782154,'Ususau','ususau','RO',1),
(462814,782154,'Varadia de Mures','varadia-de-mures','RO',1),
(462815,782154,'Varfurile','varfurile','RO',1),
(462816,782154,'Vinga','vinga','RO',1),
(462817,782154,'Vladimirescu','vladimirescu','RO',1),
(462818,782154,'Zabrani','zabrani','RO',1),
(462819,782154,'Zarand','zarand','RO',1),
(462820,782154,'Zerind','zerind','RO',1),
(462821,782154,'Zimandu Nou','zimandu-nou','RO',1),
(462822,782155,'Albesti','albesti','RO',1),
(462823,782155,'Albestii de Arges','albestii-de-arges','RO',1),
(462824,782155,'Albestii de Muscel','albestii-de-muscel','RO',1),
(462825,782155,'Albestii Pamanteni','albestii-pamanteni','RO',1),
(462826,782155,'Albota','albota','RO',1),
(462827,782155,'Aninoasa','aninoasa','RO',1),
(462828,782155,'Arefu','arefu','RO',1),
(462829,782155,'Babana','babana','RO',1),
(462830,782155,'Baiculesti','baiculesti','RO',1),
(462831,782155,'Balilesti','balilesti','RO',1),
(462832,782155,'Barla','barla','RO',1),
(462833,782155,'Bascov','bascov','RO',1),
(462834,782155,'Beleti Negresti','beleti-negresti','RO',1),
(462835,782155,'Berevoesti','berevoesti','RO',1),
(462836,782155,'Bogati','bogati','RO',1),
(462837,782155,'Boteni','boteni','RO',1),
(462838,782155,'Botesti','botesti','RO',1),
(462839,782155,'Bradu','bradu','RO',1),
(462840,782155,'Bradulet','bradulet','RO',1),
(462841,782155,'Budeasa','budeasa','RO',1),
(462842,782155,'Bughea de Jos','bughea-de-jos','RO',1),
(462843,782155,'Bughea de Sus','bughea-de-sus','RO',1),
(462844,782155,'Buzoesti','buzoesti','RO',1),
(462845,782155,'Caldararu','caldararu','RO',1),
(462846,782155,'Calinesti','calinesti','RO',1),
(462847,782155,'Campulung','campulung','RO',1),
(462848,782155,'Cateasca','cateasca','RO',1),
(462849,782155,'Cepari','cepari','RO',1),
(462850,782155,'Cetateni','cetateni','RO',1),
(462851,782155,'Cicanesti','cicanesti','RO',1),
(462852,782155,'Ciofrangeni','ciofrangeni','RO',1),
(462853,782155,'Ciomagesti','ciomagesti','RO',1),
(462854,782155,'Cocu','cocu','RO',1),
(462855,782155,'Corbeni','corbeni','RO',1),
(462856,782155,'Corbi','corbi','RO',1),
(462857,782155,'Cosesti','cosesti','RO',1),
(462858,782155,'Costesti','costesti','RO',1),
(462859,782155,'Cotmeana','cotmeana','RO',1),
(462860,782155,'Cuca','cuca','RO',1),
(462861,782155,'Curtea de Arges','curtea-de-arges','RO',1),
(462862,782155,'Dambovicioara','dambovicioara','RO',1),
(462863,782155,'Darmanesti','darmanesti','RO',1),
(462864,782155,'Davidesti','davidesti','RO',1),
(462865,782155,'Dobresti','dobresti','RO',1),
(462866,782155,'Domnesti','domnesti','RO',1),
(462867,782155,'Draganu','draganu','RO',1),
(462868,782155,'Dragoslavele','dragoslavele','RO',1),
(462869,782155,'Godeni','godeni','RO',1),
(462870,782155,'Harsesti','harsesti','RO',1),
(462871,782155,'Hartiesti','hartiesti','RO',1),
(462872,782155,'Izvoru','izvoru','RO',1),
(462873,782155,'Leordeni','leordeni','RO',1),
(462874,782155,'Leresti','leresti','RO',1),
(462875,782155,'Lunca Corbului','lunca-corbului','RO',1),
(462876,782155,'Malureni','malureni','RO',1),
(462877,782155,'Maracineni','maracineni','RO',1),
(462878,782155,'Merisani','merisani','RO',1),
(462879,782155,'Micesti','micesti','RO',1),
(462880,782155,'Mihaesti','mihaesti','RO',1),
(462881,782155,'Mioarele','mioarele','RO',1),
(462882,782155,'Mioveni','mioveni','RO',1),
(462883,782155,'Mirosi','mirosi','RO',1),
(462884,782155,'Moraresti','moraresti','RO',1),
(462885,782155,'Mosoaia','mosoaia','RO',1),
(462886,782155,'Mozaceni','mozaceni','RO',1),
(462887,782155,'Musatesti','musatesti','RO',1),
(462888,782155,'Negrasi','negrasi','RO',1),
(462889,782155,'Nucsoara','nucsoara','RO',1),
(462890,782155,'Oarja','oarja','RO',1),
(462891,782155,'Pietrosani','pietrosani','RO',1),
(462892,782155,'Pitesti','pitesti','RO',1),
(462893,782155,'Poenari','poenari','RO',1),
(462894,782155,'Poiana Lacului','poiana-lacului','RO',1),
(462895,782155,'Poienarii de Muscel','poienarii-de-muscel','RO',1),
(462896,782155,'Popesti','popesti','RO',1),
(462897,782155,'Priboieni','priboieni','RO',1),
(462898,782155,'Raca','raca','RO',1),
(462899,782155,'Rachitele de Jos','rachitele-de-jos','RO',1),
(462900,782155,'Ratesti','ratesti','RO',1),
(462901,782155,'Recea','recea','RO',1),
(462902,782155,'Rociu','rociu','RO',1),
(462903,782155,'Rucar','rucar','RO',1),
(462904,782155,'Salatrucu','salatrucu','RO',1),
(462905,782155,'Sapata','sapata','RO',1),
(462906,782155,'Schitu Golesti','schitu-golesti','RO',1),
(462907,782155,'Slobozia','slobozia','RO',1),
(462908,782155,'Stalpeni','stalpeni','RO',1),
(462909,782155,'Stefan cel Mare','stefan-cel-mare','RO',1),
(462910,782155,'Stefanesti','stefanesti','RO',1),
(462911,782155,'Stoenesti','stoenesti','RO',1),
(462912,782155,'Stolnici','stolnici','RO',1),
(462913,782155,'Suici','suici','RO',1),
(462914,782155,'Suseni','suseni','RO',1),
(462915,782155,'Teiu','teiu','RO',1),
(462916,782155,'Tigveni','tigveni','RO',1),
(462917,782155,'Titesti','titesti','RO',1),
(462918,782155,'Topoloveni','topoloveni','RO',1),
(462919,782155,'Uda','uda','RO',1),
(462920,782155,'Ungheni','ungheni','RO',1),
(462921,782155,'Valea Danului','valea-danului','RO',1),
(462922,782155,'Valea Iasului','valea-iasului','RO',1),
(462923,782155,'Valea Mare-Pravat','valea-mare-pravat','RO',1),
(462924,782155,'Valsanesti','valsanesti','RO',1),
(462925,782155,'Vedea','vedea','RO',1),
(462926,782155,'Vladesti','vladesti','RO',1),
(462927,782155,'Vulturesti','vulturesti','RO',1),
(462928,782156,'Agas','agas','RO',1),
(462929,782156,'Ardeoani','ardeoani','RO',1),
(462930,782156,'Asau','asau','RO',1),
(462931,782156,'Bacau','bacau','RO',1),
(462932,782156,'Balcani','balcani','RO',1),
(462933,782156,'Barsanesti','barsanesti','RO',1),
(462934,782156,'Beresti Bistrita','beresti-bistrita','RO',1),
(462935,782156,'Beresti-Tazlau','beresti-tazlau','RO',1),
(462936,782156,'Berzunti','berzunti','RO',1),
(462937,782156,'Blagesti','blagesti','RO',1),
(462938,782156,'Bogdanesti','bogdanesti','RO',1),
(462939,782156,'Brusturoasa','brusturoasa','RO',1),
(462940,782156,'Buhoci','buhoci','RO',1),
(462941,782156,'Buhusi','buhusi','RO',1),
(462942,782156,'Caiuti','caiuti','RO',1),
(462943,782156,'Casin','casin','RO',1),
(462944,782156,'Cleja','cleja','RO',1),
(462945,782156,'Colonesti','colonesti','RO',1),
(462946,782156,'Comanesti','comanesti','RO',1),
(462947,782156,'Corbasca','corbasca','RO',1),
(462948,782156,'Cotofanesti','cotofanesti','RO',1),
(462949,782156,'Damienesti','damienesti','RO',1),
(462950,782156,'Darmanesti','darmanesti','RO',1),
(462951,782156,'Dealu Morii','dealu-morii','RO',1),
(462952,782156,'Dofteana','dofteana','RO',1),
(462953,782156,'Faraoani','faraoani','RO',1),
(462954,782156,'Filipeni','filipeni','RO',1),
(462955,782156,'Filipesti','filipesti','RO',1),
(462956,782156,'Gaiceana','gaiceana','RO',1),
(462957,782156,'Garleni','garleni','RO',1),
(462958,782156,'Garlenii de Sus','garlenii-de-sus','RO',1),
(462959,782156,'Ghimes-Faget','ghimes-faget','RO',1),
(462960,782156,'Glavanesti','glavanesti','RO',1),
(462961,782156,'Gura Vaii','gura-vaii','RO',1),
(462962,782156,'Helegiu','helegiu','RO',1),
(462963,782156,'Hemeius','hemeius','RO',1),
(462964,782156,'Horgesti','horgesti','RO',1),
(462965,782156,'Huruesti','huruesti','RO',1),
(462966,782156,'Izvoru Berheciului','izvoru-berheciului','RO',1),
(462967,782156,'Letea Veche','letea-veche','RO',1),
(462968,782156,'Lipova','lipova','RO',1),
(462969,782156,'Livezi','livezi','RO',1),
(462970,782156,'Luizi-Calugara','luizi-calugara','RO',1),
(462971,782156,'Magiresti','magiresti','RO',1),
(462972,782156,'Magura','magura','RO',1),
(462973,782156,'Manastirea Casin','manastirea-casin','RO',1),
(462974,782156,'Margineni','margineni','RO',1),
(462975,782156,'Moinesti','moinesti','RO',1),
(462976,782156,'Motoseni','motoseni','RO',1),
(462977,782156,'Negri','negri','RO',1),
(462978,782156,'Nicolae Balcescu','nicolae-balcescu','RO',1),
(462979,782156,'Oituz','oituz','RO',1),
(462980,782156,'Oncesti','oncesti','RO',1),
(462981,782156,'Onesti','onesti','RO',1),
(462982,782156,'Orbeni','orbeni','RO',1),
(462983,782156,'Palanca','palanca','RO',1),
(462984,782156,'Pancesti','pancesti','RO',1),
(462985,782156,'Parava','parava','RO',1),
(462986,782156,'Pargaresti','pargaresti','RO',1),
(462987,782156,'Parincea','parincea','RO',1),
(462988,782156,'Parjol','parjol','RO',1),
(462989,782156,'Plopana','plopana','RO',1),
(462990,782156,'Podu Turcului','podu-turcului','RO',1),
(462991,782156,'Poduri','poduri','RO',1),
(462992,782156,'Racaciuni','racaciuni','RO',1),
(462993,782156,'Rachitoasa','rachitoasa','RO',1),
(462994,782156,'Racova','racova','RO',1),
(462995,782156,'Rosiori','rosiori','RO',1),
(462996,782156,'Sanduleni','sanduleni','RO',1),
(462997,782156,'Sascut','sascut','RO',1),
(462998,782156,'Saucesti','saucesti','RO',1),
(462999,782156,'Scorteni','scorteni','RO',1),
(463000,782156,'Secuieni','secuieni','RO',1),
(463001,782156,'Slanic-Moldova','slanic-moldova','RO',1),
(463002,782156,'Solont','solont','RO',1),
(463003,782156,'Stanisesti','stanisesti','RO',1),
(463004,782156,'Stefan cel Mare','stefan-cel-mare','RO',1),
(463005,782156,'Strugari','strugari','RO',1),
(463006,782156,'Tamasi','tamasi','RO',1),
(463007,782156,'Targu Ocna','targu-ocna','RO',1),
(463008,782156,'Targu Trotus','targu-trotus','RO',1),
(463009,782156,'Tatarasti','tatarasti','RO',1),
(463010,782156,'Traian','traian','RO',1),
(463011,782156,'Ungureni','ungureni','RO',1),
(463012,782156,'Urechesti','urechesti','RO',1),
(463013,782156,'Valea Seaca','valea-seaca','RO',1),
(463014,782156,'Vultureni','vultureni','RO',1),
(463015,782156,'Zemes','zemes','RO',1),
(463016,782157,'Abram','abram','RO',1),
(463017,782157,'Abramut','abramut','RO',1),
(463018,782157,'Alesd','alesd','RO',1),
(463019,782157,'Astileu','astileu','RO',1),
(463020,782157,'Auseu','auseu','RO',1),
(463021,782157,'Avram Iancu','avram-iancu','RO',1),
(463022,782157,'Balc','balc','RO',1),
(463023,782157,'Batar','batar','RO',1),
(463024,782157,'Beius','beius','RO',1),
(463025,782157,'Biharia','biharia','RO',1),
(463026,782157,'Boianu Mare','boianu-mare','RO',1),
(463027,782157,'Borod','borod','RO',1),
(463028,782157,'Bors','bors','RO',1),
(463029,782157,'Bratca','bratca','RO',1),
(463030,782157,'Brusturi','brusturi','RO',1),
(463031,782157,'Budureasa','budureasa','RO',1),
(463032,782157,'Buduslau','buduslau','RO',1),
(463033,782157,'Bulz','bulz','RO',1),
(463034,782157,'Buntesti','buntesti','RO',1),
(463035,782157,'Cabesti','cabesti','RO',1),
(463036,782157,'Campani','campani','RO',1),
(463037,782157,'Capalna','capalna','RO',1),
(463038,782157,'Carpinet','carpinet','RO',1),
(463039,782157,'Cefa','cefa','RO',1),
(463040,782157,'Ceica','ceica','RO',1),
(463041,782157,'Cetariu','cetariu','RO',1),
(463042,782157,'Cherechiu','cherechiu','RO',1),
(463043,782157,'Chislaz','chislaz','RO',1),
(463044,782157,'Ciuhoiu','ciuhoiu','RO',1),
(463045,782157,'Ciumeghiu','ciumeghiu','RO',1),
(463046,782157,'Cociuba Mare','cociuba-mare','RO',1),
(463047,782157,'Copacel','copacel','RO',1),
(463048,782157,'Cristioru de Jos','cristioru-de-jos','RO',1),
(463049,782157,'Curatele','curatele','RO',1),
(463050,782157,'Curtuiseni','curtuiseni','RO',1),
(463051,782157,'Derna','derna','RO',1),
(463052,782157,'Diosig','diosig','RO',1),
(463053,782157,'Dobresti','dobresti','RO',1),
(463054,782157,'Draganesti','draganesti','RO',1),
(463055,782157,'Dragesti','dragesti','RO',1),
(463056,782157,'Finis','finis','RO',1),
(463057,782157,'Gepiu','gepiu','RO',1),
(463058,782157,'Girisu de Cris','girisu-de-cris','RO',1),
(463059,782157,'Hidiselu de Sus','hidiselu-de-sus','RO',1),
(463060,782157,'Holod','holod','RO',1),
(463061,782157,'Husasau de Tinca','husasau-de-tinca','RO',1),
(463062,782157,'Ineu','ineu','RO',1),
(463063,782157,'Lazareni','lazareni','RO',1),
(463064,782157,'Lazuri de Beius','lazuri-de-beius','RO',1),
(463065,782157,'Lugasu de Jos','lugasu-de-jos','RO',1),
(463066,782157,'Lunca','lunca','RO',1),
(463067,782157,'Madaras','madaras','RO',1),
(463068,782157,'Magesti','magesti','RO',1),
(463069,782157,'Marghita','marghita','RO',1),
(463070,782157,'Nojorid','nojorid','RO',1),
(463071,782157,'Nucet','nucet','RO',1),
(463072,782157,'Olcea','olcea','RO',1),
(463073,782157,'Oradea','oradea','RO',1),
(463074,782157,'Osorhei','osorhei','RO',1),
(463075,782157,'Osorheiu','osorheiu','RO',1),
(463076,782157,'Paleu','paleu','RO',1),
(463077,782157,'Pietroasa','pietroasa','RO',1),
(463078,782157,'Pocola','pocola','RO',1),
(463079,782157,'Pomezeu','pomezeu','RO',1),
(463080,782157,'Popesti','popesti','RO',1),
(463081,782157,'Rabagani','rabagani','RO',1),
(463082,782157,'Remetea','remetea','RO',1),
(463083,782157,'Rieni','rieni','RO',1),
(463084,782157,'Rosia','rosia','RO',1),
(463085,782157,'Rosiori','rosiori','RO',1),
(463086,782157,'Sacadat','sacadat','RO',1),
(463087,782157,'Sacueni','sacueni','RO',1),
(463088,782157,'Salacea','salacea','RO',1),
(463089,782157,'Salard','salard','RO',1),
(463090,782157,'Salonta','salonta','RO',1),
(463091,782157,'Sambata','sambata','RO',1),
(463092,782157,'Sanmartin','sanmartin','RO',1),
(463093,782157,'Santandrei','santandrei','RO',1),
(463094,782157,'Sarbi','sarbi','RO',1),
(463095,782157,'Simian','simian','RO',1),
(463096,782157,'Sinteu','sinteu','RO',1),
(463097,782157,'Soimi','soimi','RO',1),
(463098,782157,'Spinus','spinus','RO',1),
(463099,782157,'Stei','stei','RO',1),
(463100,782157,'Suncuius','suncuius','RO',1),
(463101,782157,'Suplacu de Barcau','suplacu-de-barcau','RO',1),
(463102,782157,'Tarcaia','tarcaia','RO',1),
(463103,782157,'Tarcea','tarcea','RO',1),
(463104,782157,'Tauteu','tauteu','RO',1),
(463105,782157,'Tetchea','tetchea','RO',1),
(463106,782157,'Tileagd','tileagd','RO',1),
(463107,782157,'Tinca','tinca','RO',1),
(463108,782157,'Tulca','tulca','RO',1),
(463109,782157,'Uileacu de Beius','uileacu-de-beius','RO',1),
(463110,782157,'Vadu Crisului','vadu-crisului','RO',1),
(463111,782157,'Valea lui Mihai','valea-lui-mihai','RO',1),
(463112,782157,'Varciorog','varciorog','RO',1),
(463113,782157,'Vascau','vascau','RO',1),
(463114,782157,'Viisoara','viisoara','RO',1),
(463115,782158,'Beclean','beclean','RO',1),
(463116,782158,'Bistrita','bistrita','RO',1),
(463117,782158,'Bistrita Bargaului','bistrita-bargaului','RO',1),
(463118,782158,'Branistea','branistea','RO',1),
(463119,782158,'Budacu de Jos','budacu-de-jos','RO',1),
(463120,782158,'Budesti','budesti','RO',1),
(463121,782158,'Caianu Mic','caianu-mic','RO',1),
(463122,782158,'Cetate','cetate','RO',1),
(463123,782158,'Chiochis','chiochis','RO',1),
(463124,782158,'Chiuza','chiuza','RO',1),
(463125,782158,'Ciceu-Giurgesti','ciceu-giurgesti','RO',1),
(463126,782158,'Ciceu-Mihaiesti','ciceu-mihaiesti','RO',1),
(463127,782158,'Cosbuc','cosbuc','RO',1),
(463128,782158,'Dumitra','dumitra','RO',1),
(463129,782158,'Feldru','feldru','RO',1),
(463130,782158,'Galatii Bistritei','galatii-bistritei','RO',1),
(463131,782158,'Ilva Mare','ilva-mare','RO',1),
(463132,782158,'Ilva Mica','ilva-mica','RO',1),
(463133,782158,'Josenii Bargaului','josenii-bargaului','RO',1),
(463134,782158,'Lechinta','lechinta','RO',1),
(463135,782158,'Lesu','lesu','RO',1),
(463136,782158,'Livezile','livezile','RO',1),
(463137,782158,'Lunca Ilvei','lunca-ilvei','RO',1),
(463138,782158,'Magura Ilvei','magura-ilvei','RO',1),
(463139,782158,'Maieru','maieru','RO',1),
(463140,782158,'Mariselu','mariselu','RO',1),
(463141,782158,'Matei','matei','RO',1),
(463142,782158,'Micestii de Campie','micestii-de-campie','RO',1),
(463143,782158,'Milas','milas','RO',1),
(463144,782158,'Monor','monor','RO',1),
(463145,782158,'Nasaud','nasaud','RO',1),
(463146,782158,'Negrilesti','negrilesti','RO',1),
(463147,782158,'Nimigea','nimigea','RO',1),
(463148,782158,'Nuseni','nuseni','RO',1),
(463149,782158,'Parva','parva','RO',1),
(463150,782158,'Petru Rares','petru-rares','RO',1),
(463151,782158,'Prundu Bargaului','prundu-bargaului','RO',1),
(463152,782158,'Rebra','rebra','RO',1),
(463153,782158,'Rebrisoara','rebrisoara','RO',1),
(463154,782158,'Rodna','rodna','RO',1),
(463155,782158,'Romuli','romuli','RO',1),
(463156,782158,'Runcu Salvei','runcu-salvei','RO',1),
(463157,782158,'Salva','salva','RO',1),
(463158,782158,'Sangeorz-Bai','sangeorz-bai','RO',1),
(463159,782158,'Sanmihaiu de Campie','sanmihaiu-de-campie','RO',1),
(463160,782158,'Sant','sant','RO',1),
(463161,782158,'Sieu','sieu','RO',1),
(463162,782158,'Sieu-Magherus','sieu-magherus','RO',1),
(463163,782158,'Sieu-Odorhei','sieu-odorhei','RO',1),
(463164,782158,'Sieut','sieut','RO',1),
(463165,782158,'Silivasu de Campie','silivasu-de-campie','RO',1),
(463166,782158,'Silvasu de Campie','silvasu-de-campie','RO',1),
(463167,782158,'Sintereag','sintereag','RO',1),
(463168,782158,'Spermezeu','spermezeu','RO',1),
(463169,782158,'Tarlisua','tarlisua','RO',1),
(463170,782158,'Teaca','teaca','RO',1),
(463171,782158,'Telciu','telciu','RO',1),
(463172,782158,'Tiha Bargaului','tiha-bargaului','RO',1),
(463173,782158,'Uriu','uriu','RO',1),
(463174,782158,'Urmenis','urmenis','RO',1),
(463175,782158,'Zagra','zagra','RO',1),
(463176,782159,'Albesti','albesti','RO',1),
(463177,782159,'Avrameni','avrameni','RO',1),
(463178,782159,'Baluseni','baluseni','RO',1),
(463179,782159,'Blandesti','blandesti','RO',1),
(463180,782159,'Botosani','botosani','RO',1),
(463181,782159,'Braesti','braesti','RO',1),
(463182,782159,'Broscauti','broscauti','RO',1),
(463183,782159,'Bucecea','bucecea','RO',1),
(463184,782159,'Calarasi','calarasi','RO',1),
(463185,782159,'Candesti','candesti','RO',1),
(463186,782159,'Concesti','concesti','RO',1),
(463187,782159,'Copalau','copalau','RO',1),
(463188,782159,'Cordareni','cordareni','RO',1),
(463189,782159,'Corlateni','corlateni','RO',1),
(463190,782159,'Corni','corni','RO',1),
(463191,782159,'Cosula','cosula','RO',1),
(463192,782159,'Cotusca','cotusca','RO',1),
(463193,782159,'Cristesti','cristesti','RO',1),
(463194,782159,'Cristinesti','cristinesti','RO',1),
(463195,782159,'Curtesti','curtesti','RO',1),
(463196,782159,'Dangeni','dangeni','RO',1),
(463197,782159,'Darabani','darabani','RO',1),
(463198,782159,'Dersca','dersca','RO',1),
(463199,782159,'Dimacheni','dimacheni','RO',1),
(463200,782159,'Dobarceni','dobarceni','RO',1),
(463201,782159,'Dorohoi','dorohoi','RO',1),
(463202,782159,'Draguseni','draguseni','RO',1),
(463203,782159,'Durnesti','durnesti','RO',1),
(463204,782159,'Flamanzi','flamanzi','RO',1),
(463205,782159,'Frumusica','frumusica','RO',1),
(463206,782159,'George Enescu','george-enescu','RO',1),
(463207,782159,'Gorbanesti','gorbanesti','RO',1),
(463208,782159,'Hanesti','hanesti','RO',1),
(463209,782159,'Havarna','havarna','RO',1),
(463210,782159,'Hiliseu Horia','hiliseu-horia','RO',1),
(463211,782159,'Hlipiceni','hlipiceni','RO',1),
(463212,782159,'Hudesti','hudesti','RO',1),
(463213,782159,'Ibanesti','ibanesti','RO',1),
(463214,782159,'Ipotesti','ipotesti','RO',1),
(463215,782159,'Leorda','leorda','RO',1),
(463216,782159,'Lunca','lunca','RO',1),
(463217,782159,'Manoleasa','manoleasa','RO',1),
(463218,782159,'Mihail Eminescu','mihail-eminescu','RO',1),
(463219,782159,'Mihaileni','mihaileni','RO',1),
(463220,782159,'Mihalaseni','mihalaseni','RO',1),
(463221,782159,'Mileanca','mileanca','RO',1),
(463222,782159,'Mitoc','mitoc','RO',1),
(463223,782159,'Nicseni','nicseni','RO',1),
(463224,782159,'Paltinis','paltinis','RO',1),
(463225,782159,'Pomarla','pomarla','RO',1),
(463226,782159,'Prajeni','prajeni','RO',1),
(463227,782159,'Rachiti','rachiti','RO',1),
(463228,782159,'Radauti-Prut','radauti-prut','RO',1),
(463229,782159,'Rauseni','rauseni','RO',1),
(463230,782159,'Ripiceni','ripiceni','RO',1),
(463231,782159,'Roma','roma','RO',1),
(463232,782159,'Romanesti','romanesti','RO',1),
(463233,782159,'Santa Maria','santa-maria','RO',1),
(463234,782159,'Saveni','saveni','RO',1),
(463235,782159,'Sendriceni','sendriceni','RO',1),
(463236,782159,'Stauceni','stauceni','RO',1),
(463237,782159,'Stefanesti','stefanesti','RO',1),
(463238,782159,'Stiubieni','stiubieni','RO',1),
(463239,782159,'Suharau','suharau','RO',1),
(463240,782159,'Sulita','sulita','RO',1),
(463241,782159,'Todireni','todireni','RO',1),
(463242,782159,'Trusesti','trusesti','RO',1),
(463243,782159,'Tudora','tudora','RO',1),
(463244,782159,'Ungureni','ungureni','RO',1),
(463245,782159,'Unteni','unteni','RO',1),
(463246,782159,'Vaculesti','vaculesti','RO',1),
(463247,782159,'Varfu Campului','varfu-campului','RO',1),
(463248,782159,'Viisoara','viisoara','RO',1),
(463249,782159,'Vladeni','vladeni','RO',1),
(463250,782159,'Vlasinesti','vlasinesti','RO',1),
(463251,782159,'Vorniceni','vorniceni','RO',1),
(463252,782159,'Vorona','vorona','RO',1),
(463253,782160,'Baraganul','baraganul','RO',1),
(463254,782160,'Bertestii de Jos','bertestii-de-jos','RO',1),
(463255,782160,'Bordei Verde','bordei-verde','RO',1),
(463256,782160,'Braila','braila','RO',1),
(463257,782160,'Chiscani','chiscani','RO',1),
(463258,782160,'Ciocile','ciocile','RO',1),
(463259,782160,'Ciresu','ciresu','RO',1),
(463260,782160,'Dudesti','dudesti','RO',1),
(463261,782160,'Faurei','faurei','RO',1),
(463262,782160,'Frecatei','frecatei','RO',1),
(463263,782160,'Galbenu','galbenu','RO',1),
(463264,782160,'Gemenele','gemenele','RO',1),
(463265,782160,'Gradistea','gradistea','RO',1),
(463266,782160,'Gropeni','gropeni','RO',1),
(463267,782160,'Ianca','ianca','RO',1),
(463268,782160,'Insuratei','insuratei','RO',1),
(463269,782160,'Jirlau','jirlau','RO',1),
(463270,782160,'Marasu','marasu','RO',1),
(463271,782160,'Maxineni','maxineni','RO',1),
(463272,782160,'Mircea Voda','mircea-voda','RO',1),
(463273,782160,'Movila Miresei','movila-miresei','RO',1),
(463274,782160,'Movila Miresii','movila-miresii','RO',1),
(463275,782160,'Racovita','racovita','RO',1),
(463276,782160,'Ramnicelu','ramnicelu','RO',1),
(463277,782160,'Romanu','romanu','RO',1),
(463278,782160,'Rosiori','rosiori','RO',1),
(463279,782160,'Salcia Tudor','salcia-tudor','RO',1),
(463280,782160,'Scortaru Nou','scortaru-nou','RO',1),
(463281,782160,'Silistea','silistea','RO',1),
(463282,782160,'Stancuta','stancuta','RO',1),
(463283,782160,'Surdila Greci','surdila-greci','RO',1),
(463284,782160,'Surdila-Gaiseanca','surdila-gaiseanca','RO',1),
(463285,782160,'Sutesti','sutesti','RO',1),
(463286,782160,'Tichilesti','tichilesti','RO',1),
(463287,782160,'Traian','traian','RO',1),
(463288,782160,'Tudor Vladimirescu','tudor-vladimirescu','RO',1),
(463289,782160,'Tufesti','tufesti','RO',1),
(463290,782160,'Ulmu','ulmu','RO',1),
(463291,782160,'Unirea','unirea','RO',1),
(463292,782160,'Vadeni','vadeni','RO',1),
(463293,782160,'Victoria','victoria','RO',1),
(463294,782160,'Visani','visani','RO',1),
(463295,782160,'Viziru','viziru','RO',1),
(463296,782160,'Zavoaia','zavoaia','RO',1),
(463297,782161,'Apata','apata','RO',1),
(463298,782161,'Beclean','beclean','RO',1),
(463299,782161,'Bod','bod','RO',1),
(463300,782161,'Bran','bran','RO',1),
(463301,782161,'Brasov','brasov','RO',1),
(463302,782161,'Budila','budila','RO',1),
(463303,782161,'Bunesti','bunesti','RO',1),
(463304,782161,'Cata','cata','RO',1),
(463305,782161,'Cincu','cincu','RO',1),
(463306,782161,'Codlea','codlea','RO',1),
(463307,782161,'Comana','comana','RO',1),
(463308,782161,'Comana de Jos','comana-de-jos','RO',1),
(463309,782161,'Cristian','cristian','RO',1),
(463310,782161,'Crizbav','crizbav','RO',1),
(463311,782161,'Dragus','dragus','RO',1),
(463312,782161,'Dumbravita','dumbravita','RO',1),
(463313,782161,'Fagaras','fagaras','RO',1),
(463314,782161,'Feldioara','feldioara','RO',1),
(463315,782161,'Fundata','fundata','RO',1),
(463316,782161,'Ghimbav','ghimbav','RO',1),
(463317,782161,'Halchiu','halchiu','RO',1),
(463318,782161,'Harman','harman','RO',1),
(463319,782161,'Harseni','harseni','RO',1),
(463320,782161,'Hoghiz','hoghiz','RO',1),
(463321,782161,'Holbav','holbav','RO',1),
(463322,782161,'Homorod','homorod','RO',1),
(463323,782161,'Jibert','jibert','RO',1),
(463324,782161,'Lisa','lisa','RO',1),
(463325,782161,'Maierus','maierus','RO',1),
(463326,782161,'Mandra','mandra','RO',1),
(463327,782161,'Moeciu','moeciu','RO',1),
(463328,782161,'Moieciu','moieciu','RO',1),
(463329,782161,'Ormenis','ormenis','RO',1),
(463330,782161,'Parau','parau','RO',1),
(463331,782161,'Poiana Marului','poiana-marului','RO',1),
(463332,782161,'Predeal','predeal','RO',1),
(463333,782161,'Prejmer','prejmer','RO',1),
(463334,782161,'Racos','racos','RO',1),
(463335,782161,'Rasnov','rasnov','RO',1),
(463336,782161,'Recea','recea','RO',1),
(463337,782161,'Rupea','rupea','RO',1),
(463338,782161,'Sacele','sacele','RO',1),
(463339,782161,'Sambata de Sus','sambata-de-sus','RO',1),
(463340,782161,'Sanpetru','sanpetru','RO',1),
(463341,782161,'Sercaia','sercaia','RO',1),
(463342,782161,'Sinca','sinca','RO',1),
(463343,782161,'Sinca Noua','sinca-noua','RO',1),
(463344,782161,'Soars','soars','RO',1),
(463345,782161,'Tarlungeni','tarlungeni','RO',1),
(463346,782161,'Teliu','teliu','RO',1),
(463347,782161,'Ticusul','ticusul','RO',1),
(463348,782161,'Ucea','ucea','RO',1),
(463349,782161,'Ungra','ungra','RO',1),
(463350,782161,'Vama Buzaului','vama-buzaului','RO',1),
(463351,782161,'Victoria','victoria','RO',1),
(463352,782161,'Vistea','vistea','RO',1),
(463353,782161,'Vistea de Jos','vistea-de-jos','RO',1),
(463354,782161,'Voila','voila','RO',1),
(463355,782161,'Vulcan','vulcan','RO',1),
(463356,782161,'Zarnesti','zarnesti','RO',1),
(463357,782162,'Bucuresti','bucuresti','RO',1),
(463358,782163,'Amaru','amaru','RO',1),
(463359,782163,'Balaceanu','balaceanu','RO',1),
(463360,782163,'Balta Alba','balta-alba','RO',1),
(463361,782163,'Beceni','beceni','RO',1),
(463362,782163,'Berca','berca','RO',1),
(463363,782163,'Bisoca','bisoca','RO',1),
(463364,782163,'Blajani','blajani','RO',1),
(463365,782163,'Boldu','boldu','RO',1),
(463366,782163,'Bozioru','bozioru','RO',1),
(463367,782163,'Bradeanu','bradeanu','RO',1),
(463368,782163,'Braesti','braesti','RO',1),
(463369,782163,'Breaza','breaza','RO',1),
(463370,782163,'Buda','buda','RO',1),
(463371,782163,'Buzau','buzau','RO',1),
(463372,782163,'Calvini','calvini','RO',1),
(463373,782163,'Canesti','canesti','RO',1),
(463374,782163,'Catina','catina','RO',1),
(463375,782163,'Cernatesti','cernatesti','RO',1),
(463376,782163,'Chiliile','chiliile','RO',1),
(463377,782163,'Chiojdu','chiojdu','RO',1),
(463378,782163,'Cilibia','cilibia','RO',1),
(463379,782163,'Cislau','cislau','RO',1),
(463380,782163,'Cochirleanca','cochirleanca','RO',1),
(463381,782163,'Colti','colti','RO',1),
(463382,782163,'Constantin Rosetti','constantin-rosetti','RO',1),
(463383,782163,'Costesti','costesti','RO',1),
(463384,782163,'Cozieni','cozieni','RO',1),
(463385,782163,'Galbinasi','galbinasi','RO',1),
(463386,782163,'Gheraseni','gheraseni','RO',1),
(463387,782163,'Ghergheasa','ghergheasa','RO',1),
(463388,782163,'Glodeanu Sarat','glodeanu-sarat','RO',1),
(463389,782163,'Glodeanu-Silistea','glodeanu-silistea','RO',1),
(463390,782163,'Glodeanul Sarat','glodeanul-sarat','RO',1),
(463391,782163,'Grebanu','grebanu','RO',1),
(463392,782163,'Gura Teghii','gura-teghii','RO',1),
(463393,782163,'Largu','largu','RO',1),
(463394,782163,'Lopatari','lopatari','RO',1),
(463395,782163,'Luciu','luciu','RO',1),
(463396,782163,'Magura','magura','RO',1),
(463397,782163,'Manzalesti','manzalesti','RO',1),
(463398,782163,'Maracineni','maracineni','RO',1),
(463399,782163,'Margaritesti','margaritesti','RO',1),
(463400,782163,'Merei','merei','RO',1),
(463401,782163,'Mihailesti','mihailesti','RO',1),
(463402,782163,'Movila Banului','movila-banului','RO',1),
(463403,782163,'Murgesti','murgesti','RO',1),
(463404,782163,'Naeni','naeni','RO',1),
(463405,782163,'Nehoiu','nehoiu','RO',1),
(463406,782163,'Odaile','odaile','RO',1),
(463407,782163,'Padina','padina','RO',1),
(463408,782163,'Panatau','panatau','RO',1),
(463409,782163,'Pardosi','pardosi','RO',1),
(463410,782163,'Parscov','parscov','RO',1),
(463411,782163,'Patarlagele','patarlagele','RO',1),
(463412,782163,'Pietroasele','pietroasele','RO',1),
(463413,782163,'Podgoria','podgoria','RO',1),
(463414,782163,'Pogoanele','pogoanele','RO',1),
(463415,782163,'Posta Calnau','posta-calnau','RO',1),
(463416,782163,'Puiesti','puiesti','RO',1),
(463417,782163,'Racoviteni','racoviteni','RO',1),
(463418,782163,'Ramnicelu','ramnicelu','RO',1),
(463419,782163,'Ramnicu Sarat','ramnicu-sarat','RO',1),
(463420,782163,'Robeasca','robeasca','RO',1),
(463421,782163,'Rusetu','rusetu','RO',1),
(463422,782163,'Sageata','sageata','RO',1),
(463423,782163,'Sahateni','sahateni','RO',1),
(463424,782163,'Sapoca','sapoca','RO',1),
(463425,782163,'Sarulesti','sarulesti','RO',1),
(463426,782163,'Scortoasa','scortoasa','RO',1),
(463427,782163,'Scutelnici','scutelnici','RO',1),
(463428,782163,'Siriu','siriu','RO',1),
(463429,782163,'Smeeni','smeeni','RO',1),
(463430,782163,'Stalpu','stalpu','RO',1),
(463431,782163,'Tintesti','tintesti','RO',1),
(463432,782163,'Tisau','tisau','RO',1),
(463433,782163,'Topliceni','topliceni','RO',1),
(463434,782163,'Ulmeni','ulmeni','RO',1),
(463435,782163,'Unguriu','unguriu','RO',1),
(463436,782163,'Vadu Pasii','vadu-pasii','RO',1),
(463437,782163,'Valcelele','valcelele','RO',1),
(463438,782163,'Valea Ramnicului','valea-ramnicului','RO',1),
(463439,782163,'Valea Salciei','valea-salciei','RO',1),
(463440,782163,'Vernesti','vernesti','RO',1),
(463441,782163,'Vintila Voda','vintila-voda','RO',1),
(463442,782163,'Viperesti','viperesti','RO',1),
(463443,782163,'Zarnesti','zarnesti','RO',1),
(463444,782163,'Ziduri','ziduri','RO',1),
(463445,782164,'Alexandru Odobescu','alexandru-odobescu','RO',1),
(463446,782164,'Belciugatele','belciugatele','RO',1),
(463447,782164,'Borcea','borcea','RO',1),
(463448,782164,'Budesti','budesti','RO',1),
(463449,782164,'Calarasi','calarasi','RO',1),
(463450,782164,'Cascioarele','cascioarele','RO',1),
(463451,782164,'Chirnogi','chirnogi','RO',1),
(463452,782164,'Chiselet','chiselet','RO',1),
(463453,782164,'Ciocanesti','ciocanesti','RO',1),
(463454,782164,'Curcani','curcani','RO',1),
(463455,782164,'Cuza Voda','cuza-voda','RO',1),
(463456,782164,'Dichiseni','dichiseni','RO',1),
(463457,782164,'Dor Marunt','dor-marunt','RO',1),
(463458,782164,'Dorobantu','dorobantu','RO',1),
(463459,782164,'Dragalina','dragalina','RO',1),
(463460,782164,'Dragos Voda','dragos-voda','RO',1),
(463461,782164,'Frasinet','frasinet','RO',1),
(463462,782164,'Frumusani','frumusani','RO',1),
(463463,782164,'Fundeni','fundeni','RO',1),
(463464,782164,'Fundulea','fundulea','RO',1),
(463465,782164,'Galbinasi','galbinasi','RO',1),
(463466,782164,'Gradistea','gradistea','RO',1),
(463467,782164,'Gurbanesti','gurbanesti','RO',1),
(463468,782164,'Ileana','ileana','RO',1),
(463469,782164,'Independenta','independenta','RO',1),
(463470,782164,'Jegalia','jegalia','RO',1),
(463471,782164,'Lehliu','lehliu','RO',1),
(463472,782164,'Lehliu-Gara','lehliu-gara','RO',1),
(463473,782164,'Luica','luica','RO',1),
(463474,782164,'Lupsanu','lupsanu','RO',1),
(463475,782164,'Manastirea','manastirea','RO',1),
(463476,782164,'Mitreni','mitreni','RO',1),
(463477,782164,'Modelu','modelu','RO',1),
(463478,782164,'Nana','nana','RO',1),
(463479,782164,'Nicolae Balcescu','nicolae-balcescu','RO',1),
(463480,782164,'Oltenita','oltenita','RO',1),
(463481,782164,'Perisoru','perisoru','RO',1),
(463482,782164,'Plataresti','plataresti','RO',1),
(463483,782164,'Radovanu','radovanu','RO',1),
(463484,782164,'Roseti','roseti','RO',1),
(463485,782164,'Sarulesti','sarulesti','RO',1),
(463486,782164,'Sohatu','sohatu','RO',1),
(463487,782164,'Soldanu','soldanu','RO',1),
(463488,782164,'Spantov','spantov','RO',1),
(463489,782164,'Stefan cel Mare','stefan-cel-mare','RO',1),
(463490,782164,'Stefan Voda','stefan-voda','RO',1),
(463491,782164,'Tamadau Mare','tamadau-mare','RO',1),
(463492,782164,'Ulmeni','ulmeni','RO',1),
(463493,782164,'Ulmu','ulmu','RO',1),
(463494,782164,'Unirea','unirea','RO',1),
(463495,782164,'Valcelele','valcelele','RO',1),
(463496,782164,'Valea Argovei','valea-argovei','RO',1),
(463497,782164,'Vasilati','vasilati','RO',1),
(463498,782164,'Vlad Tepes','vlad-tepes','RO',1),
(463499,782165,'Anina','anina','RO',1),
(463500,782165,'Armenis','armenis','RO',1),
(463501,782165,'Baile Herculane','baile-herculane','RO',1),
(463502,782165,'Bania','bania','RO',1),
(463503,782165,'Bautar','bautar','RO',1),
(463504,782165,'Berliste','berliste','RO',1),
(463505,782165,'Berzasca','berzasca','RO',1),
(463506,782165,'Berzovia','berzovia','RO',1),
(463507,782165,'Bocsa','bocsa','RO',1),
(463508,782165,'Bolvasnita','bolvasnita','RO',1),
(463509,782165,'Bozovici','bozovici','RO',1),
(463510,782165,'Brebu','brebu','RO',1),
(463511,782165,'Brebu Nou','brebu-nou','RO',1),
(463512,782165,'Buchin','buchin','RO',1),
(463513,782165,'Bucosnita','bucosnita','RO',1),
(463514,782165,'Caransebes','caransebes','RO',1),
(463515,782165,'Carasova','carasova','RO',1),
(463516,782165,'Carbunari','carbunari','RO',1),
(463517,782165,'Ciclova Romana','ciclova-romana','RO',1),
(463518,782165,'Ciuchici','ciuchici','RO',1),
(463519,782165,'Ciudanovita','ciudanovita','RO',1),
(463520,782165,'Constantin Daicoviciu','constantin-daicoviciu','RO',1),
(463521,782165,'Copacele','copacele','RO',1),
(463522,782165,'Cornea','cornea','RO',1),
(463523,782165,'Cornereva','cornereva','RO',1),
(463524,782165,'Coronini','coronini','RO',1),
(463525,782165,'Dalboset','dalboset','RO',1),
(463526,782165,'Doclin','doclin','RO',1),
(463527,782165,'Dognecea','dognecea','RO',1),
(463528,782165,'Domasnea','domasnea','RO',1),
(463529,782165,'Eftimie Murgu','eftimie-murgu','RO',1),
(463530,782165,'Ezeris','ezeris','RO',1),
(463531,782165,'Farliug','farliug','RO',1),
(463532,782165,'Forotic','forotic','RO',1),
(463533,782165,'Garana','garana','RO',1),
(463534,782165,'Garnic','garnic','RO',1),
(463535,782165,'Glimboca','glimboca','RO',1),
(463536,782165,'Goruia','goruia','RO',1),
(463537,782165,'Gradinari','gradinari','RO',1),
(463538,782165,'Iablanita','iablanita','RO',1),
(463539,782165,'Lapusnicel','lapusnicel','RO',1),
(463540,782165,'Lapusnicu Mare','lapusnicu-mare','RO',1),
(463541,782165,'Luncavita','luncavita','RO',1),
(463542,782165,'Lupac','lupac','RO',1),
(463543,782165,'Marga','marga','RO',1),
(463544,782165,'Maureni','maureni','RO',1),
(463545,782165,'Mehadia','mehadia','RO',1),
(463546,782165,'Mehadica','mehadica','RO',1),
(463547,782165,'Moldova Noua','moldova-noua','RO',1),
(463548,782165,'Naidas','naidas','RO',1),
(463549,782165,'Obreja','obreja','RO',1),
(463550,782165,'Ocna de Fier','ocna-de-fier','RO',1),
(463551,782165,'Oravita','oravita','RO',1),
(463552,782165,'Otelu Rosu','otelu-rosu','RO',1),
(463553,782165,'Paltinis','paltinis','RO',1),
(463554,782165,'Pojejena','pojejena','RO',1),
(463555,782165,'Prigor','prigor','RO',1),
(463556,782165,'Racasdia','racasdia','RO',1),
(463557,782165,'Ramna','ramna','RO',1),
(463558,782165,'Resita','resita','RO',1),
(463559,782165,'Rusca Montana','rusca-montana','RO',1),
(463560,782165,'Sacu','sacu','RO',1),
(463561,782165,'Sasca Montana','sasca-montana','RO',1),
(463562,782165,'Sichevita','sichevita','RO',1),
(463563,782165,'Slatina-Timis','slatina-timis','RO',1),
(463564,782165,'Socol','socol','RO',1),
(463565,782165,'Sopotu Nou','sopotu-nou','RO',1),
(463566,782165,'Tarnova','tarnova','RO',1),
(463567,782165,'Teregova','teregova','RO',1),
(463568,782165,'Ticvaniu Mare','ticvaniu-mare','RO',1),
(463569,782165,'Toplet','toplet','RO',1),
(463570,782165,'Turnu Ruieni','turnu-ruieni','RO',1),
(463571,782165,'Valiug','valiug','RO',1),
(463572,782165,'Varadia','varadia','RO',1),
(463573,782165,'Vermes','vermes','RO',1),
(463574,782165,'Vrani','vrani','RO',1),
(463575,782165,'Zavoi','zavoi','RO',1),
(463576,782165,'Zorlentu Mare','zorlentu-mare','RO',1),
(463577,782166,'Aghiresu','aghiresu','RO',1),
(463578,782166,'Aiton','aiton','RO',1),
(463579,782166,'Alunis','alunis','RO',1),
(463580,782166,'Apahida','apahida','RO',1),
(463581,782166,'Aschileu','aschileu','RO',1),
(463582,782166,'Baciu','baciu','RO',1),
(463583,782166,'Baisoara','baisoara','RO',1),
(463584,782166,'Belis','belis','RO',1),
(463585,782166,'Bobalna','bobalna','RO',1),
(463586,782166,'Bontida','bontida','RO',1),
(463587,782166,'Borsa','borsa','RO',1),
(463588,782166,'Buza','buza','RO',1),
(463589,782166,'Caianu','caianu','RO',1),
(463590,782166,'Calarasi','calarasi','RO',1),
(463591,782166,'Calatele','calatele','RO',1),
(463592,782166,'Camarasu','camarasu','RO',1),
(463593,782166,'Campia Turzii','campia-turzii','RO',1),
(463594,782166,'Capusu Mare','capusu-mare','RO',1),
(463595,782166,'Caseiu','caseiu','RO',1),
(463596,782166,'Catcau','catcau','RO',1),
(463597,782166,'Catina','catina','RO',1),
(463598,782166,'Ceanu Mare','ceanu-mare','RO',1),
(463599,782166,'Chinteni','chinteni','RO',1),
(463600,782166,'Chiuiesti','chiuiesti','RO',1),
(463601,782166,'Ciucea','ciucea','RO',1),
(463602,782166,'Ciurila','ciurila','RO',1),
(463603,782166,'Cluj-Napoca','cluj-napoca','RO',1),
(463604,782166,'Cojocna','cojocna','RO',1),
(463605,782166,'Cornesti','cornesti','RO',1),
(463606,782166,'Cuzdrioara','cuzdrioara','RO',1),
(463607,782166,'Dabaca','dabaca','RO',1),
(463608,782166,'Dej','dej','RO',1),
(463609,782166,'Feleacu','feleacu','RO',1),
(463610,782166,'Fizesu Gherlii','fizesu-gherlii','RO',1),
(463611,782166,'Floresti','floresti','RO',1),
(463612,782166,'Frata','frata','RO',1),
(463613,782166,'Garbau','garbau','RO',1),
(463614,782166,'Geaca','geaca','RO',1),
(463615,782166,'Gherla','gherla','RO',1),
(463616,782166,'Gilau','gilau','RO',1),
(463617,782166,'Huedin','huedin','RO',1),
(463618,782166,'Iara','iara','RO',1),
(463619,782166,'Iclod','iclod','RO',1),
(463620,782166,'Izvoru Crisului','izvoru-crisului','RO',1),
(463621,782166,'Jichisu de Jos','jichisu-de-jos','RO',1),
(463622,782166,'Jucu','jucu','RO',1),
(463623,782166,'Jucu de Sus','jucu-de-sus','RO',1),
(463624,782166,'Luna','luna','RO',1),
(463625,782166,'Maguri-Racatau','maguri-racatau','RO',1),
(463626,782166,'Manastireni','manastireni','RO',1),
(463627,782166,'Margau','margau','RO',1),
(463628,782166,'Marisel','marisel','RO',1),
(463629,782166,'Mica','mica','RO',1),
(463630,782166,'Mihai Viteazu','mihai-viteazu','RO',1),
(463631,782166,'Mintiu Gherlii','mintiu-gherlii','RO',1),
(463632,782166,'Mociu','mociu','RO',1),
(463633,782166,'Moldovenesti','moldovenesti','RO',1),
(463634,782166,'Negreni','negreni','RO',1),
(463635,782166,'Palatca','palatca','RO',1),
(463636,782166,'Panticeu','panticeu','RO',1),
(463637,782166,'Petrestii de Jos','petrestii-de-jos','RO',1),
(463638,782166,'Ploscos','ploscos','RO',1),
(463639,782166,'Poieni','poieni','RO',1),
(463640,782166,'Rasca','rasca','RO',1),
(463641,782166,'Recea-Cristur','recea-cristur','RO',1),
(463642,782166,'Risca','risca','RO',1),
(463643,782166,'Sacuieu','sacuieu','RO',1),
(463644,782166,'Sancraiu','sancraiu','RO',1),
(463645,782166,'Sandulesti','sandulesti','RO',1),
(463646,782166,'Sanmartin','sanmartin','RO',1),
(463647,782166,'Sanpaul','sanpaul','RO',1),
(463648,782166,'Savadisla','savadisla','RO',1),
(463649,782166,'Sic','sic','RO',1),
(463650,782166,'Suatu','suatu','RO',1),
(463651,782166,'Taga','taga','RO',1),
(463652,782166,'Tritenii de Jos','tritenii-de-jos','RO',1),
(463653,782166,'Turda','turda','RO',1),
(463654,782166,'Tureni','tureni','RO',1),
(463655,782166,'Unguras','unguras','RO',1),
(463656,782166,'Vad','vad','RO',1),
(463657,782166,'Valea Ierii','valea-ierii','RO',1),
(463658,782166,'Viisoara','viisoara','RO',1),
(463659,782166,'Vultureni','vultureni','RO',1),
(463660,782167,'Adamclisi','adamclisi','RO',1),
(463661,782167,'Agigea','agigea','RO',1),
(463662,782167,'Albesti','albesti','RO',1),
(463663,782167,'Aliman','aliman','RO',1),
(463664,782167,'Amzacea','amzacea','RO',1),
(463665,782167,'Baneasa','baneasa','RO',1),
(463666,782167,'Basarabi','basarabi','RO',1),
(463667,782167,'Castelu','castelu','RO',1),
(463668,782167,'Cerchezu','cerchezu','RO',1),
(463669,782167,'Cernavoda','cernavoda','RO',1),
(463670,782167,'Chirnogeni','chirnogeni','RO',1),
(463671,782167,'Ciobanu','ciobanu','RO',1),
(463672,782167,'Ciocarlia','ciocarlia','RO',1),
(463673,782167,'Cobadin','cobadin','RO',1),
(463674,782167,'Cogealac','cogealac','RO',1),
(463675,782167,'Comana','comana','RO',1),
(463676,782167,'Constanta','constanta','RO',1),
(463677,782167,'Corbu','corbu','RO',1),
(463678,782167,'Costinesti','costinesti','RO',1),
(463679,782167,'Crucea','crucea','RO',1),
(463680,782167,'Cumpana','cumpana','RO',1),
(463681,782167,'Cuza Voda','cuza-voda','RO',1),
(463682,782167,'Deleni','deleni','RO',1),
(463683,782167,'Dobromir','dobromir','RO',1),
(463684,782167,'Douazeci si Trei August','douazeci-si-trei-august','RO',1),
(463685,782167,'Dumbraveni','dumbraveni','RO',1),
(463686,782167,'Eforie','eforie','RO',1),
(463687,782167,'Eforie Sud','eforie-sud','RO',1),
(463688,782167,'Fantanele','fantanele','RO',1),
(463689,782167,'Garliciu','garliciu','RO',1),
(463690,782167,'Ghindaresti','ghindaresti','RO',1),
(463691,782167,'Harsova','harsova','RO',1),
(463692,782167,'Horia','horia','RO',1),
(463693,782167,'Independenta','independenta','RO',1),
(463694,782167,'Ion Corvin','ion-corvin','RO',1),
(463695,782167,'Istria','istria','RO',1),
(463696,782167,'Limanu','limanu','RO',1),
(463697,782167,'Lipnita','lipnita','RO',1),
(463698,782167,'Lumina','lumina','RO',1),
(463699,782167,'Mangalia','mangalia','RO',1),
(463700,782167,'Medgidia','medgidia','RO',1),
(463701,782167,'Mereni','mereni','RO',1),
(463702,782167,'Mihai Viteazu','mihai-viteazu','RO',1),
(463703,782167,'Mihail Kogalniceanu','mihail-kogalniceanu','RO',1),
(463704,782167,'Mircea Voda','mircea-voda','RO',1),
(463705,782167,'Navodari','navodari','RO',1),
(463706,782167,'Negru Voda','negru-voda','RO',1),
(463707,782167,'Nicolae Balcescu','nicolae-balcescu','RO',1),
(463708,782167,'Oltina','oltina','RO',1),
(463709,782167,'Ostrov','ostrov','RO',1),
(463710,782167,'Ovidiu','ovidiu','RO',1),
(463711,782167,'Pantelimon','pantelimon','RO',1),
(463712,782167,'Pecineaga','pecineaga','RO',1),
(463713,782167,'Pestera','pestera','RO',1),
(463714,782167,'Poarta Alba','poarta-alba','RO',1),
(463715,782167,'Rasova','rasova','RO',1),
(463716,782167,'Sacele','sacele','RO',1),
(463717,782167,'Saligny','saligny','RO',1),
(463718,782167,'Saraiu','saraiu','RO',1),
(463719,782167,'Seimeni','seimeni','RO',1),
(463720,782167,'Silistea','silistea','RO',1),
(463721,782167,'Targusor','targusor','RO',1),
(463722,782167,'Techirghiol','techirghiol','RO',1),
(463723,782167,'Topalu','topalu','RO',1),
(463724,782167,'Topraisar','topraisar','RO',1),
(463725,782167,'Tortoman','tortoman','RO',1),
(463726,782167,'Tuzla','tuzla','RO',1),
(463727,782167,'Valu lui Traian','valu-lui-traian','RO',1),
(463728,782167,'Vulturu','vulturu','RO',1),
(463729,782168,'Aita Mare','aita-mare','RO',1),
(463730,782168,'Arcus','arcus','RO',1),
(463731,782168,'Baraolt','baraolt','RO',1),
(463732,782168,'Barcani','barcani','RO',1),
(463733,782168,'Batani','batani','RO',1),
(463734,782168,'Belin','belin','RO',1),
(463735,782168,'Bixad','bixad','RO',1),
(463736,782168,'Bodoc','bodoc','RO',1),
(463737,782168,'Borosneu Mare','borosneu-mare','RO',1),
(463738,782168,'Bradut','bradut','RO',1),
(463739,782168,'Brates','brates','RO',1),
(463740,782168,'Bretcu','bretcu','RO',1),
(463741,782168,'Catalina','catalina','RO',1),
(463742,782168,'Cernat','cernat','RO',1),
(463743,782168,'Chichis','chichis','RO',1),
(463744,782168,'Comandau','comandau','RO',1),
(463745,782168,'Covasna','covasna','RO',1),
(463746,782168,'Dalnic','dalnic','RO',1),
(463747,782168,'Dobarlau','dobarlau','RO',1),
(463748,782168,'Estelnic','estelnic','RO',1),
(463749,782168,'Ghelinta','ghelinta','RO',1),
(463750,782168,'Ghidfalau','ghidfalau','RO',1),
(463751,782168,'Haghig','haghig','RO',1),
(463752,782168,'Ilieni','ilieni','RO',1),
(463753,782168,'Intorsura Buzaului','intorsura-buzaului','RO',1),
(463754,782168,'Lemnia','lemnia','RO',1),
(463755,782168,'Malnas','malnas','RO',1),
(463756,782168,'Mereni','mereni','RO',1),
(463757,782168,'Micfalau','micfalau','RO',1),
(463758,782168,'Moacsa','moacsa','RO',1),
(463759,782168,'Ojdula','ojdula','RO',1),
(463760,782168,'Ozun','ozun','RO',1),
(463761,782168,'Poian','poian','RO',1),
(463762,782168,'Reci','reci','RO',1),
(463763,782168,'Sanzieni','sanzieni','RO',1),
(463764,782168,'Sfantu Gheorghe','sfantu-gheorghe','RO',1),
(463765,782168,'Sita Buzaului','sita-buzaului','RO',1),
(463766,782168,'Targu Secuiesc','targu-secuiesc','RO',1),
(463767,782168,'Turia','turia','RO',1),
(463768,782168,'Valcele','valcele','RO',1),
(463769,782168,'Valea Crisului','valea-crisului','RO',1),
(463770,782168,'Valea Mare','valea-mare','RO',1),
(463771,782168,'Varghis','varghis','RO',1),
(463772,782168,'Zabala','zabala','RO',1),
(463773,782168,'Zagon','zagon','RO',1),
(463774,782169,'Aninoasa','aninoasa','RO',1),
(463775,782169,'Baleni','baleni','RO',1),
(463776,782169,'Barbuletu','barbuletu','RO',1),
(463777,782169,'Bezdead','bezdead','RO',1),
(463778,782169,'Bilciuresti','bilciuresti','RO',1),
(463779,782169,'Branesti','branesti','RO',1),
(463780,782169,'Branistea','branistea','RO',1),
(463781,782169,'Brezoaiele','brezoaiele','RO',1),
(463782,782169,'Buciumeni','buciumeni','RO',1),
(463783,782169,'Bucsani','bucsani','RO',1),
(463784,782169,'Butimanu','butimanu','RO',1),
(463785,782169,'Candesti','candesti','RO',1),
(463786,782169,'Ciocanesti','ciocanesti','RO',1),
(463787,782169,'Cobia','cobia','RO',1),
(463788,782169,'Cojasca','cojasca','RO',1),
(463789,782169,'Comisani','comisani','RO',1),
(463790,782169,'Contesti','contesti','RO',1),
(463791,782169,'Corbii Mari','corbii-mari','RO',1),
(463792,782169,'Cornatelu','cornatelu','RO',1),
(463793,782169,'Cornesti','cornesti','RO',1),
(463794,782169,'Costestii din Vale','costestii-din-vale','RO',1),
(463795,782169,'Crangurile de Sus','crangurile-de-sus','RO',1),
(463796,782169,'Crevedia','crevedia','RO',1),
(463797,782169,'Darmanesti','darmanesti','RO',1),
(463798,782169,'Dobra','dobra','RO',1),
(463799,782169,'Doicesti','doicesti','RO',1),
(463800,782169,'Dragodana','dragodana','RO',1),
(463801,782169,'Dragomiresti','dragomiresti','RO',1),
(463802,782169,'Edera de Jos','edera-de-jos','RO',1),
(463803,782169,'Fieni','fieni','RO',1),
(463804,782169,'Finta','finta','RO',1),
(463805,782169,'Gaesti','gaesti','RO',1),
(463806,782169,'Glodeni','glodeni','RO',1),
(463807,782169,'Gura Foii','gura-foii','RO',1),
(463808,782169,'Gura Ocnitei','gura-ocnitei','RO',1),
(463809,782169,'Gura Sutii','gura-sutii','RO',1),
(463810,782169,'Hulubesti','hulubesti','RO',1),
(463811,782169,'I. L. Caragiale','i-l-caragiale','RO',1),
(463812,782169,'Iedera','iedera','RO',1),
(463813,782169,'Ion luca Caragiale','ion-luca-caragiale','RO',1),
(463814,782169,'Lucieni','lucieni','RO',1),
(463815,782169,'Ludesti','ludesti','RO',1),
(463816,782169,'Lunguletu','lunguletu','RO',1),
(463817,782169,'Malu cu Flori','malu-cu-flori','RO',1),
(463818,782169,'Manesti','manesti','RO',1),
(463819,782169,'Matasaru','matasaru','RO',1),
(463820,782169,'Mogosani','mogosani','RO',1),
(463821,782169,'Moreni','moreni','RO',1),
(463822,782169,'Moroeni','moroeni','RO',1),
(463823,782169,'Morteni','morteni','RO',1),
(463824,782169,'Motaeni','motaeni','RO',1),
(463825,782169,'Niculesti','niculesti','RO',1),
(463826,782169,'Nucet','nucet','RO',1),
(463827,782169,'Ocnita','ocnita','RO',1),
(463828,782169,'Odobesti','odobesti','RO',1),
(463829,782169,'Persinari','persinari','RO',1),
(463830,782169,'Petresti','petresti','RO',1),
(463831,782169,'Pietrari','pietrari','RO',1),
(463832,782169,'Pietrosita','pietrosita','RO',1),
(463833,782169,'Poiana','poiana','RO',1),
(463834,782169,'Potlogi','potlogi','RO',1),
(463835,782169,'Produlesti','produlesti','RO',1),
(463836,782169,'Pucheni','pucheni','RO',1),
(463837,782169,'Pucioasa','pucioasa','RO',1),
(463838,782169,'Racari','racari','RO',1),
(463839,782169,'Raciu','raciu','RO',1),
(463840,782169,'Rascaeti','rascaeti','RO',1),
(463841,782169,'Rau Alb','rau-alb','RO',1),
(463842,782169,'Razvad','razvad','RO',1),
(463843,782169,'Runcu','runcu','RO',1),
(463844,782169,'Salcioara','salcioara','RO',1),
(463845,782169,'Selaru','selaru','RO',1),
(463846,782169,'Slobozia Moara','slobozia-moara','RO',1),
(463847,782169,'Sotanga','sotanga','RO',1),
(463848,782169,'Targoviste','targoviste','RO',1),
(463849,782169,'Tartasesti','tartasesti','RO',1),
(463850,782169,'Tatarani','tatarani','RO',1),
(463851,782169,'Titu','titu','RO',1),
(463852,782169,'Uliesti','uliesti','RO',1),
(463853,782169,'Ulmi','ulmi','RO',1),
(463854,782169,'Vacaresti','vacaresti','RO',1),
(463855,782169,'Valea Lunga','valea-lunga','RO',1),
(463856,782169,'Valea Mare','valea-mare','RO',1),
(463857,782169,'Valeni-Dambovita','valeni-dambovita','RO',1),
(463858,782169,'Varfuri','varfuri','RO',1),
(463859,782169,'Visina','visina','RO',1),
(463860,782169,'Visinesti','visinesti','RO',1),
(463861,782169,'Voinesti','voinesti','RO',1),
(463862,782169,'Vulcana-Bai','vulcana-bai','RO',1),
(463863,782169,'Vulcana-Pandele','vulcana-pandele','RO',1),
(463864,782170,'Afumati','afumati','RO',1),
(463865,782170,'Almaj','almaj','RO',1),
(463866,782170,'Almajiu','almajiu','RO',1),
(463867,782170,'Amarastii de Jos','amarastii-de-jos','RO',1),
(463868,782170,'Amarastii de Sus','amarastii-de-sus','RO',1),
(463869,782170,'Apele Vii','apele-vii','RO',1),
(463870,782170,'Argetoaia','argetoaia','RO',1),
(463871,782170,'Bailesti','bailesti','RO',1),
(463872,782170,'Barca','barca','RO',1),
(463873,782170,'Bechet','bechet','RO',1),
(463874,782170,'Bistret','bistret','RO',1),
(463875,782170,'Botosesti Paia','botosesti-paia','RO',1),
(463876,782170,'Brabova','brabova','RO',1),
(463877,782170,'Bradesti','bradesti','RO',1),
(463878,782170,'Bralostita','bralostita','RO',1),
(463879,782170,'Bratovoesti','bratovoesti','RO',1),
(463880,782170,'Breasta','breasta','RO',1),
(463881,782170,'Bucovat','bucovat','RO',1),
(463882,782170,'Bulzesti','bulzesti','RO',1),
(463883,782170,'Calafat','calafat','RO',1),
(463884,782170,'Calarasi','calarasi','RO',1),
(463885,782170,'Calopar','calopar','RO',1),
(463886,782170,'Caraula','caraula','RO',1),
(463887,782170,'Carcea','carcea','RO',1),
(463888,782170,'Carpen','carpen','RO',1),
(463889,782170,'Castra Nova','castra-nova','RO',1),
(463890,782170,'Castranova','castranova','RO',1),
(463891,782170,'Catane','catane','RO',1),
(463892,782170,'Celaru','celaru','RO',1),
(463893,782170,'Cerat','cerat','RO',1),
(463894,782170,'Ceratu','ceratu','RO',1),
(463895,782170,'Cernatesti','cernatesti','RO',1),
(463896,782170,'Cetate','cetate','RO',1),
(463897,782170,'Cioroiasi','cioroiasi','RO',1),
(463898,782170,'Cioroiasiu','cioroiasiu','RO',1),
(463899,782170,'Ciupercenii Noi','ciupercenii-noi','RO',1),
(463900,782170,'Cosoveni','cosoveni','RO',1),
(463901,782170,'Cotofenii din Dos','cotofenii-din-dos','RO',1),
(463902,782170,'Craiova','craiova','RO',1),
(463903,782170,'Dabuleni','dabuleni','RO',1),
(463904,782170,'Daneti','daneti','RO',1),
(463905,782170,'Desa','desa','RO',1),
(463906,782170,'Diosti','diosti','RO',1),
(463907,782170,'Dobresti','dobresti','RO',1),
(463908,782170,'Dragotesti','dragotesti','RO',1),
(463909,782170,'Dranic','dranic','RO',1),
(463910,782170,'Farcasu','farcasu','RO',1),
(463911,782170,'Filiasi','filiasi','RO',1),
(463912,782170,'Galicea Mare','galicea-mare','RO',1),
(463913,782170,'Galiciuica','galiciuica','RO',1),
(463914,782170,'Gangiova','gangiova','RO',1),
(463915,782170,'Ghercesti','ghercesti','RO',1),
(463916,782170,'Gighera','gighera','RO',1),
(463917,782170,'Giubega','giubega','RO',1),
(463918,782170,'Giurgita','giurgita','RO',1),
(463919,782170,'Gogosu','gogosu','RO',1),
(463920,782170,'Goicea','goicea','RO',1),
(463921,782170,'Goiesti','goiesti','RO',1),
(463922,782170,'Grecesti','grecesti','RO',1),
(463923,782170,'Isalnita','isalnita','RO',1),
(463924,782170,'Izvoare','izvoare','RO',1),
(463925,782170,'Leu','leu','RO',1),
(463926,782170,'Lipovu','lipovu','RO',1),
(463927,782170,'Macesu de Jos','macesu-de-jos','RO',1),
(463928,782170,'Macesu de Sus','macesu-de-sus','RO',1),
(463929,782170,'Maglavit','maglavit','RO',1),
(463930,782170,'Malu Mare','malu-mare','RO',1),
(463931,782170,'Marsani','marsani','RO',1),
(463932,782170,'Melinesti','melinesti','RO',1),
(463933,782170,'Mischii','mischii','RO',1),
(463934,782170,'Motatei','motatei','RO',1),
(463935,782170,'Murgasi','murgasi','RO',1),
(463936,782170,'Negoi','negoi','RO',1),
(463937,782170,'Orodel','orodel','RO',1),
(463938,782170,'Ostroveni','ostroveni','RO',1),
(463939,782170,'Perisor','perisor','RO',1),
(463940,782170,'Pielesti','pielesti','RO',1),
(463941,782170,'Piscu Vechi','piscu-vechi','RO',1),
(463942,782170,'Plenita','plenita','RO',1),
(463943,782170,'Plesoi','plesoi','RO',1),
(463944,782170,'Podari','podari','RO',1),
(463945,782170,'Poiana Mare','poiana-mare','RO',1),
(463946,782170,'Predesti','predesti','RO',1),
(463947,782170,'Radovan','radovan','RO',1),
(463948,782170,'Rast','rast','RO',1),
(463949,782170,'Rastu','rastu','RO',1),
(463950,782170,'Robanesti','robanesti','RO',1),
(463951,782170,'Sadova','sadova','RO',1),
(463952,782170,'Salcuta','salcuta','RO',1),
(463953,782170,'Scaesti','scaesti','RO',1),
(463954,782170,'Seaca de Camp','seaca-de-camp','RO',1),
(463955,782170,'Seaca de Padure','seaca-de-padure','RO',1),
(463956,782170,'Secu','secu','RO',1),
(463957,782170,'Segarcea','segarcea','RO',1),
(463958,782170,'Silistea Crucii','silistea-crucii','RO',1),
(463959,782170,'Simnicu de Sus','simnicu-de-sus','RO',1),
(463960,782170,'Sopot','sopot','RO',1),
(463961,782170,'Talpas','talpas','RO',1),
(463962,782170,'Teasc','teasc','RO',1),
(463963,782170,'Terpezita','terpezita','RO',1),
(463964,782170,'Teslui','teslui','RO',1),
(463965,782170,'Tuglui','tuglui','RO',1),
(463966,782170,'Unirea','unirea','RO',1),
(463967,782170,'Urzicuta','urzicuta','RO',1),
(463968,782170,'Valea Stanciului','valea-stanciului','RO',1),
(463969,782170,'Vartop','vartop','RO',1),
(463970,782170,'Varvoru','varvoru','RO',1),
(463971,782170,'Varvoru de Jos','varvoru-de-jos','RO',1),
(463972,782170,'Vela','vela','RO',1),
(463973,782170,'Verbita','verbita','RO',1),
(463974,782171,'Balabanesti','balabanesti','RO',1),
(463975,782171,'Balasesti','balasesti','RO',1),
(463976,782171,'Baleni','baleni','RO',1),
(463977,782171,'Baneasa','baneasa','RO',1),
(463978,782171,'Barcea','barcea','RO',1),
(463979,782171,'Beresti','beresti','RO',1),
(463980,782171,'Beresti Sat','beresti-sat','RO',1),
(463981,782171,'Beresti-Meria','beresti-meria','RO',1),
(463982,782171,'Brahasesti','brahasesti','RO',1),
(463983,782171,'Branistea','branistea','RO',1),
(463984,782171,'Buciumeni','buciumeni','RO',1),
(463985,782171,'Cavadinesti','cavadinesti','RO',1),
(463986,782171,'Certesti','certesti','RO',1),
(463987,782171,'Corni','corni','RO',1),
(463988,782171,'Corod','corod','RO',1),
(463989,782171,'Cosmesti','cosmesti','RO',1),
(463990,782171,'Costache Negri','costache-negri','RO',1),
(463991,782171,'Cuca','cuca','RO',1),
(463992,782171,'Cudalbi','cudalbi','RO',1),
(463993,782171,'Draganesti','draganesti','RO',1),
(463994,782171,'Draguseni','draguseni','RO',1),
(463995,782171,'Fartanesti','fartanesti','RO',1),
(463996,782171,'Foltesti','foltesti','RO',1),
(463997,782171,'Frumusita','frumusita','RO',1),
(463998,782171,'Fundeni','fundeni','RO',1),
(463999,782171,'Galati','galati','RO',1),
(464000,782171,'Ghidigeni','ghidigeni','RO',1),
(464001,782171,'Gohor','gohor','RO',1),
(464002,782171,'Grivita','grivita','RO',1),
(464003,782171,'Independenta','independenta','RO',1),
(464004,782171,'Ivesti','ivesti','RO',1),
(464005,782171,'Jorasti','jorasti','RO',1),
(464006,782171,'Liesti','liesti','RO',1),
(464007,782171,'Mastacani','mastacani','RO',1),
(464008,782171,'Matca','matca','RO',1),
(464009,782171,'Movileni','movileni','RO',1),
(464010,782171,'Munteni','munteni','RO',1),
(464011,782171,'Namoloasa','namoloasa','RO',1),
(464012,782171,'Negrilesti','negrilesti','RO',1),
(464013,782171,'Nicoresti','nicoresti','RO',1),
(464014,782171,'Oancea','oancea','RO',1),
(464015,782171,'Pechea','pechea','RO',1),
(464016,782171,'Piscu','piscu','RO',1),
(464017,782171,'Priponesti','priponesti','RO',1),
(464018,782171,'Radesti','radesti','RO',1),
(464019,782171,'Rediu','rediu','RO',1),
(464020,782171,'Scanteiesti','scanteiesti','RO',1),
(464021,782171,'Schela','schela','RO',1),
(464022,782171,'Sendreni','sendreni','RO',1),
(464023,782171,'Slobozia Conachi','slobozia-conachi','RO',1),
(464024,782171,'Smardan','smardan','RO',1),
(464025,782171,'Smulti','smulti','RO',1),
(464026,782171,'Suceveni','suceveni','RO',1),
(464027,782171,'Targu Bujor','targu-bujor','RO',1),
(464028,782171,'Tecuci','tecuci','RO',1),
(464029,782171,'Tepu','tepu','RO',1),
(464030,782171,'Tudor Vladimirescu','tudor-vladimirescu','RO',1),
(464031,782171,'Tulucesti','tulucesti','RO',1),
(464032,782171,'Umbraresti','umbraresti','RO',1),
(464033,782171,'Valea Marului','valea-marului','RO',1),
(464034,782171,'Vanatori','vanatori','RO',1),
(464035,782171,'Varlezi','varlezi','RO',1),
(464036,782171,'Vladesti','vladesti','RO',1),
(464037,782172,'Adunatii-Copaceni','adunatii-copaceni','RO',1),
(464038,782172,'Baneasa','baneasa','RO',1),
(464039,782172,'Bolintin Deal','bolintin-deal','RO',1),
(464040,782172,'Bolintin-Vale','bolintin-vale','RO',1),
(464041,782172,'Bolintinu din Vale','bolintinu-din-vale','RO',1),
(464042,782172,'Bucsani','bucsani','RO',1),
(464043,782172,'Bulbucata','bulbucata','RO',1),
(464044,782172,'Buturugeni','buturugeni','RO',1),
(464045,782172,'Calugareni','calugareni','RO',1),
(464046,782172,'Clejani','clejani','RO',1),
(464047,782172,'Colibasi','colibasi','RO',1),
(464048,782172,'Comana','comana','RO',1),
(464049,782172,'Cosoba','cosoba','RO',1),
(464050,782172,'Crevedia Mare','crevedia-mare','RO',1),
(464051,782172,'Daia','daia','RO',1),
(464052,782172,'Floresti-Stoenesti','floresti-stoenesti','RO',1),
(464053,782172,'Fratesti','fratesti','RO',1),
(464054,782172,'Gaiseni','gaiseni','RO',1),
(464055,782172,'Gaujani','gaujani','RO',1),
(464056,782172,'Ghimpati','ghimpati','RO',1),
(464057,782172,'Giurgiu','giurgiu','RO',1),
(464058,782172,'Gogosari','gogosari','RO',1),
(464059,782172,'Gostinari','gostinari','RO',1),
(464060,782172,'Gostinu','gostinu','RO',1),
(464061,782172,'Gradinari','gradinari','RO',1),
(464062,782172,'Greaca','greaca','RO',1),
(464063,782172,'Herasti','herasti','RO',1),
(464064,782172,'Hotarele','hotarele','RO',1),
(464065,782172,'Iepuresti','iepuresti','RO',1),
(464066,782172,'Izvoarele','izvoarele','RO',1),
(464067,782172,'Izvoarele (Hotarele)','izvoarele-hotarele','RO',1),
(464068,782172,'Joita','joita','RO',1),
(464069,782172,'Letca Noua','letca-noua','RO',1),
(464070,782172,'Marsa','marsa','RO',1),
(464071,782172,'Mihai Bravu','mihai-bravu','RO',1),
(464072,782172,'Mihailesti','mihailesti','RO',1),
(464073,782172,'Ogrezeni','ogrezeni','RO',1),
(464074,782172,'Oinacu','oinacu','RO',1),
(464075,782172,'Prundu','prundu','RO',1),
(464076,782172,'Putineiu','putineiu','RO',1),
(464077,782172,'Rasuceni','rasuceni','RO',1),
(464078,782172,'Roata de Jos','roata-de-jos','RO',1),
(464079,782172,'Sabareni','sabareni','RO',1),
(464080,782172,'Schitu','schitu','RO',1),
(464081,782172,'Singureni','singureni','RO',1),
(464082,782172,'Slobozia','slobozia','RO',1),
(464083,782172,'Stanesti','stanesti','RO',1),
(464084,782172,'Stoenesti','stoenesti','RO',1),
(464085,782172,'Toporu','toporu','RO',1),
(464086,782172,'Ulmi','ulmi','RO',1),
(464087,782172,'Valea Dragului','valea-dragului','RO',1),
(464088,782172,'Vanatorii Mici','vanatorii-mici','RO',1),
(464089,782172,'Varasti','varasti','RO',1),
(464090,782172,'Vedea','vedea','RO',1),
(464091,782173,'Albeni','albeni','RO',1),
(464092,782173,'Alimpesti','alimpesti','RO',1),
(464093,782173,'Aninoasa','aninoasa','RO',1),
(464094,782173,'Arcani','arcani','RO',1),
(464095,782173,'Baia de Fier','baia-de-fier','RO',1),
(464096,782173,'Balanesti','balanesti','RO',1),
(464097,782173,'Balesti','balesti','RO',1),
(464098,782173,'Balteni','balteni','RO',1),
(464099,782173,'Barbatesti','barbatesti','RO',1),
(464100,782173,'Bengesti','bengesti','RO',1),
(464101,782173,'Berlesti','berlesti','RO',1),
(464102,782173,'Bolbosi','bolbosi','RO',1),
(464103,782173,'Borascu','borascu','RO',1),
(464104,782173,'Branesti','branesti','RO',1),
(464105,782173,'Bumbesti Piticu','bumbesti-piticu','RO',1),
(464106,782173,'Bumbesti-Jiu','bumbesti-jiu','RO',1),
(464107,782173,'Bumbesti-Pitic','bumbesti-pitic','RO',1),
(464108,782173,'Bustuchin','bustuchin','RO',1),
(464109,782173,'Calnic','calnic','RO',1),
(464110,782173,'Calugareni','calugareni','RO',1),
(464111,782173,'Capreni','capreni','RO',1),
(464112,782173,'Catunele','catunele','RO',1),
(464113,782173,'Ciuperceni','ciuperceni','RO',1),
(464114,782173,'Crasna','crasna','RO',1),
(464115,782173,'Cruset','cruset','RO',1),
(464116,782173,'Crusetu','crusetu','RO',1),
(464117,782173,'Danciulesti','danciulesti','RO',1),
(464118,782173,'Danesti','danesti','RO',1),
(464119,782173,'Dragotesti','dragotesti','RO',1),
(464120,782173,'Dragutesti','dragutesti','RO',1),
(464121,782173,'Farcasesti','farcasesti','RO',1),
(464122,782173,'Glogova','glogova','RO',1),
(464123,782173,'Godinesti','godinesti','RO',1),
(464124,782173,'Hurezani','hurezani','RO',1),
(464125,782173,'Ionesti','ionesti','RO',1),
(464126,782173,'Jupanesti','jupanesti','RO',1),
(464127,782173,'Lelesti','lelesti','RO',1),
(464128,782173,'Licurici','licurici','RO',1),
(464129,782173,'Licuriciu','licuriciu','RO',1),
(464130,782173,'Logresti','logresti','RO',1),
(464131,782173,'Matasari','matasari','RO',1),
(464132,782173,'Motru','motru','RO',1),
(464133,782173,'Musetesti','musetesti','RO',1),
(464134,782173,'Negomiru','negomiru','RO',1),
(464135,782173,'Novaci','novaci','RO',1),
(464136,782173,'Pades','pades','RO',1),
(464137,782173,'Parau Viu','parau-viu','RO',1),
(464138,782173,'Pestisani','pestisani','RO',1),
(464139,782173,'Plopsoru','plopsoru','RO',1),
(464140,782173,'Polovragi','polovragi','RO',1),
(464141,782173,'Prigoria','prigoria','RO',1),
(464142,782173,'Rosia de Amaradia','rosia-de-amaradia','RO',1),
(464143,782173,'Rovinari','rovinari','RO',1),
(464144,782173,'Runcu','runcu','RO',1),
(464145,782173,'Sacelu','sacelu','RO',1),
(464146,782173,'Samarinesti','samarinesti','RO',1),
(464147,782173,'Saulesti','saulesti','RO',1),
(464148,782173,'Schela','schela','RO',1),
(464149,782173,'Scoarta','scoarta','RO',1),
(464150,782173,'Slivilesti','slivilesti','RO',1),
(464151,782173,'Stanesti','stanesti','RO',1),
(464152,782173,'Stejari','stejari','RO',1),
(464153,782173,'Stoina','stoina','RO',1),
(464154,782173,'Tantareni','tantareni','RO',1),
(464155,782173,'Targu Carbunesti','targu-carbunesti','RO',1),
(464156,782173,'Targu Jiu','targu-jiu','RO',1),
(464157,782173,'Telesti','telesti','RO',1),
(464158,782173,'Ticleni','ticleni','RO',1),
(464159,782173,'Tismana','tismana','RO',1),
(464160,782173,'Turburea','turburea','RO',1),
(464161,782173,'Turceni','turceni','RO',1),
(464162,782173,'Turcinesti','turcinesti','RO',1),
(464163,782173,'Urdari','urdari','RO',1),
(464164,782173,'Vagiulesti','vagiulesti','RO',1),
(464165,782173,'Valeni','valeni','RO',1),
(464166,782173,'Vladimir','vladimir','RO',1),
(464167,782174,'Atid','atid','RO',1),
(464168,782174,'Avramesti','avramesti','RO',1),
(464169,782174,'Baile Tusnad','baile-tusnad','RO',1),
(464170,782174,'Balan','balan','RO',1),
(464171,782174,'Bilbor','bilbor','RO',1),
(464172,782174,'Borsec','borsec','RO',1),
(464173,782174,'Bradesti','bradesti','RO',1),
(464174,782174,'Capalnita','capalnita','RO',1),
(464175,782174,'Carta','carta','RO',1),
(464176,782174,'Ciceu','ciceu','RO',1),
(464177,782174,'Ciucsangeorgiu','ciucsangeorgiu','RO',1),
(464178,782174,'Ciumani','ciumani','RO',1),
(464179,782174,'Corbu','corbu','RO',1),
(464180,782174,'Corund','corund','RO',1),
(464181,782174,'Cristuru Secuiesc','cristuru-secuiesc','RO',1),
(464182,782174,'Danesti','danesti','RO',1),
(464183,782174,'Darjiu','darjiu','RO',1),
(464184,782174,'Dealu','dealu','RO',1),
(464185,782174,'Ditrau','ditrau','RO',1),
(464186,782174,'Feliceni','feliceni','RO',1),
(464187,782174,'Frumoasa','frumoasa','RO',1),
(464188,782174,'Galautas','galautas','RO',1),
(464189,782174,'Gheorgheni','gheorgheni','RO',1),
(464190,782174,'Joseni','joseni','RO',1),
(464191,782174,'Lazarea','lazarea','RO',1),
(464192,782174,'Leliceni','leliceni','RO',1),
(464193,782174,'Lueta','lueta','RO',1),
(464194,782174,'Lunca de Jos','lunca-de-jos','RO',1),
(464195,782174,'Lunca de Sus','lunca-de-sus','RO',1),
(464196,782174,'Lupeni','lupeni','RO',1),
(464197,782174,'Madaras','madaras','RO',1),
(464198,782174,'Martinis','martinis','RO',1),
(464199,782174,'Meresti','meresti','RO',1),
(464200,782174,'Miercurea Ciuc','miercurea-ciuc','RO',1),
(464201,782174,'Mihaileni','mihaileni','RO',1),
(464202,782174,'Mugeni','mugeni','RO',1),
(464203,782174,'Ocland','ocland','RO',1),
(464204,782174,'Odorheiu Secuiesc','odorheiu-secuiesc','RO',1),
(464205,782174,'Pauleni Ciuc','pauleni-ciuc','RO',1),
(464206,782174,'Plaiesii de Jos','plaiesii-de-jos','RO',1),
(464207,782174,'Porumbenii Mari','porumbenii-mari','RO',1),
(464208,782174,'Praid','praid','RO',1),
(464209,782174,'Remetea','remetea','RO',1),
(464210,782174,'Sacel','sacel','RO',1),
(464211,782174,'Sancraieni','sancraieni','RO',1),
(464212,782174,'Sandominic','sandominic','RO',1),
(464213,782174,'Sanmartin','sanmartin','RO',1),
(464214,782174,'Sansimion','sansimion','RO',1),
(464215,782174,'Santimbru','santimbru','RO',1),
(464216,782174,'Sarmas','sarmas','RO',1),
(464217,782174,'Satu Mare','satu-mare','RO',1),
(464218,782174,'Secuieni','secuieni','RO',1),
(464219,782174,'Siculeni','siculeni','RO',1),
(464220,782174,'Simonesti','simonesti','RO',1),
(464221,782174,'Subcetate','subcetate','RO',1),
(464222,782174,'Suseni','suseni','RO',1),
(464223,782174,'Tomesti','tomesti','RO',1),
(464224,782174,'Toplita','toplita','RO',1),
(464225,782174,'Tulghes','tulghes','RO',1),
(464226,782174,'Tusnad','tusnad','RO',1),
(464227,782174,'Ulies','ulies','RO',1),
(464228,782174,'Varsag','varsag','RO',1),
(464229,782174,'Vlahita','vlahita','RO',1),
(464230,782174,'Voslabeni','voslabeni','RO',1),
(464231,782174,'Voslobeni','voslobeni','RO',1),
(464232,782174,'Zetea','zetea','RO',1),
(464233,782175,'Aninoasa','aninoasa','RO',1),
(464234,782175,'Bacia','bacia','RO',1),
(464235,782175,'Baia de Cris','baia-de-cris','RO',1),
(464236,782175,'Baita','baita','RO',1),
(464237,782175,'Balsa','balsa','RO',1),
(464238,782175,'Banita','banita','RO',1),
(464239,782175,'Baru','baru','RO',1),
(464240,782175,'Batrana','batrana','RO',1),
(464241,782175,'Beriu','beriu','RO',1),
(464242,782175,'Berthelot','berthelot','RO',1),
(464243,782175,'Blajeni','blajeni','RO',1),
(464244,782175,'Bosorod','bosorod','RO',1),
(464245,782175,'Brad','brad','RO',1),
(464246,782175,'Branisca','branisca','RO',1),
(464247,782175,'Bretea Romana','bretea-romana','RO',1),
(464248,782175,'Buces','buces','RO',1),
(464249,782175,'Bucuresci','bucuresci','RO',1),
(464250,782175,'Bulzesti','bulzesti','RO',1),
(464251,782175,'Bulzestii de Sus','bulzestii-de-sus','RO',1),
(464252,782175,'Bunila','bunila','RO',1),
(464253,782175,'Burjuc','burjuc','RO',1),
(464254,782175,'Calan','calan','RO',1),
(464255,782175,'Carjiti','carjiti','RO',1),
(464256,782175,'Cerbal','cerbal','RO',1),
(464257,782175,'Certeju de Sus','certeju-de-sus','RO',1),
(464258,782175,'Criscior','criscior','RO',1),
(464259,782175,'Densus','densus','RO',1),
(464260,782175,'Deva','deva','RO',1),
(464261,782175,'Dobra','dobra','RO',1),
(464262,782175,'General Berthelot','general-berthelot','RO',1),
(464263,782175,'Geoagiu','geoagiu','RO',1),
(464264,782175,'Ghelari','ghelari','RO',1),
(464265,782175,'Gurasada','gurasada','RO',1),
(464266,782175,'Harau','harau','RO',1),
(464267,782175,'Hateg','hateg','RO',1),
(464268,782175,'Hunedoara','hunedoara','RO',1),
(464269,782175,'Ilia','ilia','RO',1),
(464270,782175,'Lapugiu de Jos','lapugiu-de-jos','RO',1),
(464271,782175,'Lelese','lelese','RO',1),
(464272,782175,'Lunca Cernii de Jos','lunca-cernii-de-jos','RO',1),
(464273,782175,'Luncoiu de Jos','luncoiu-de-jos','RO',1),
(464274,782175,'Lupeni','lupeni','RO',1),
(464275,782175,'Martinesti','martinesti','RO',1),
(464276,782175,'Orastie','orastie','RO',1),
(464277,782175,'Orastioara de Sus','orastioara-de-sus','RO',1),
(464278,782175,'Pestisu Mic','pestisu-mic','RO',1),
(464279,782175,'Petrila','petrila','RO',1),
(464280,782175,'Petrosani','petrosani','RO',1),
(464281,782175,'Pui','pui','RO',1),
(464282,782175,'Rachitova','rachitova','RO',1),
(464283,782175,'Rapoltu Mare','rapoltu-mare','RO',1),
(464284,782175,'Rau de Mori','rau-de-mori','RO',1),
(464285,782175,'Ribita','ribita','RO',1),
(464286,782175,'Romos','romos','RO',1),
(464287,782175,'Salasu de Sus','salasu-de-sus','RO',1),
(464288,782175,'Santamaria-Orlea','santamaria-orlea','RO',1),
(464289,782175,'Sarmizegetusa','sarmizegetusa','RO',1),
(464290,782175,'Simeria','simeria','RO',1),
(464291,782175,'Soimus','soimus','RO',1),
(464292,782175,'Teliucu Inferior','teliucu-inferior','RO',1),
(464293,782175,'Tomesti','tomesti','RO',1),
(464294,782175,'Toplita','toplita','RO',1),
(464295,782175,'Totesti','totesti','RO',1),
(464296,782175,'Turdas','turdas','RO',1),
(464297,782175,'Uricani','uricani','RO',1),
(464298,782175,'Valisoara','valisoara','RO',1),
(464299,782175,'Vata de Jos','vata-de-jos','RO',1),
(464300,782175,'Vetel','vetel','RO',1),
(464301,782175,'Vorta','vorta','RO',1),
(464302,782175,'Vulcan','vulcan','RO',1),
(464303,782175,'Zam','zam','RO',1),
(464304,782176,'Adancata','adancata','RO',1),
(464305,782176,'Albesti','albesti','RO',1),
(464306,782176,'Alexeni','alexeni','RO',1),
(464307,782176,'Amara','amara','RO',1),
(464308,782176,'Andrasesti','andrasesti','RO',1),
(464309,782176,'Armasesti','armasesti','RO',1),
(464310,782176,'Axintele','axintele','RO',1),
(464311,782176,'Balaciu','balaciu','RO',1),
(464312,782176,'Barcanesti','barcanesti','RO',1),
(464313,782176,'Bordusani','bordusani','RO',1),
(464314,782176,'Brazii','brazii','RO',1),
(464315,782176,'Bucu','bucu','RO',1),
(464316,782176,'Cazanesti','cazanesti','RO',1),
(464317,782176,'Ciocarlia','ciocarlia','RO',1),
(464318,782176,'Ciochina','ciochina','RO',1),
(464319,782176,'Ciulnita','ciulnita','RO',1),
(464320,782176,'Cocora','cocora','RO',1),
(464321,782176,'Colelia','colelia','RO',1),
(464322,782176,'Cosambesti','cosambesti','RO',1),
(464323,782176,'Cosereni','cosereni','RO',1),
(464324,782176,'Dragoesti','dragoesti','RO',1),
(464325,782176,'Dridu','dridu','RO',1),
(464326,782176,'Facaeni','facaeni','RO',1),
(464327,782176,'Fetesti','fetesti','RO',1),
(464328,782176,'Fierbinti-Targ','fierbinti-targ','RO',1),
(464329,782176,'Garbovi','garbovi','RO',1),
(464330,782176,'Gheorghe Doja','gheorghe-doja','RO',1),
(464331,782176,'Gheorghe Lazar','gheorghe-lazar','RO',1),
(464332,782176,'Giurgeni','giurgeni','RO',1),
(464333,782176,'Grindu','grindu','RO',1),
(464334,782176,'Grivita','grivita','RO',1),
(464335,782176,'Gura Ialomitei','gura-ialomitei','RO',1),
(464336,782176,'Ion Roata','ion-roata','RO',1),
(464337,782176,'Jilavele','jilavele','RO',1),
(464338,782176,'Maia','maia','RO',1),
(464339,782176,'Manasia','manasia','RO',1),
(464340,782176,'Marculesti','marculesti','RO',1),
(464341,782176,'Mihail Kogalniceanu','mihail-kogalniceanu','RO',1),
(464342,782176,'Milosesti','milosesti','RO',1),
(464343,782176,'Moldoveni','moldoveni','RO',1),
(464344,782176,'Movila','movila','RO',1),
(464345,782176,'Movilita','movilita','RO',1),
(464346,782176,'Munteni-Buzau','munteni-buzau','RO',1),
(464347,782176,'Perieti','perieti','RO',1),
(464348,782176,'Reviga','reviga','RO',1),
(464349,782176,'Salcioara','salcioara','RO',1),
(464350,782176,'Saveni','saveni','RO',1),
(464351,782176,'Scanteia','scanteia','RO',1),
(464352,782176,'Sfantu Gheorghe','sfantu-gheorghe','RO',1),
(464353,782176,'Sinesti','sinesti','RO',1),
(464354,782176,'Slobozia','slobozia','RO',1),
(464355,782176,'Stelnica','stelnica','RO',1),
(464356,782176,'Suditi','suditi','RO',1),
(464357,782176,'Tandarei','tandarei','RO',1),
(464358,782176,'Urziceni','urziceni','RO',1),
(464359,782176,'Valea Ciorii','valea-ciorii','RO',1),
(464360,782176,'Valea Macrisului','valea-macrisului','RO',1),
(464361,782176,'Vladeni','vladeni','RO',1),
(464362,782177,'Alexandru I. Cuza','alexandru-i-cuza','RO',1),
(464363,782177,'Alexandru Ioan Cuza','alexandru-ioan-cuza','RO',1),
(464364,782177,'Andrieseni','andrieseni','RO',1),
(464365,782177,'Aroneanu','aroneanu','RO',1),
(464366,782177,'Baltati','baltati','RO',1),
(464367,782177,'Barnova','barnova','RO',1),
(464368,782177,'Belcesti','belcesti','RO',1),
(464369,782177,'Bivolari','bivolari','RO',1),
(464370,782177,'Braesti','braesti','RO',1),
(464371,782177,'Butea','butea','RO',1),
(464372,782177,'Ceplenita','ceplenita','RO',1),
(464373,782177,'Ciohorani','ciohorani','RO',1),
(464374,782177,'Ciortesti','ciortesti','RO',1),
(464375,782177,'Ciurea','ciurea','RO',1),
(464376,782177,'Coarnele Caprei','coarnele-caprei','RO',1),
(464377,782177,'Comarna','comarna','RO',1),
(464378,782177,'Costuleni','costuleni','RO',1),
(464379,782177,'Cotnari','cotnari','RO',1),
(464380,782177,'Cozmesti','cozmesti','RO',1),
(464381,782177,'Cristesti','cristesti','RO',1),
(464382,782177,'Cucuteni','cucuteni','RO',1),
(464383,782177,'Dagata','dagata','RO',1),
(464384,782177,'Deleni','deleni','RO',1),
(464385,782177,'Dobrovat','dobrovat','RO',1),
(464386,782177,'Dolhesti','dolhesti','RO',1),
(464387,782177,'Dumesti','dumesti','RO',1),
(464388,782177,'Erbiceni','erbiceni','RO',1),
(464389,782177,'Focuri','focuri','RO',1),
(464390,782177,'Golaesti','golaesti','RO',1),
(464391,782177,'Golaiesti','golaiesti','RO',1),
(464392,782177,'Gorban','gorban','RO',1),
(464393,782177,'Grajduri','grajduri','RO',1),
(464394,782177,'Gropnita','gropnita','RO',1),
(464395,782177,'Grozesti','grozesti','RO',1),
(464396,782177,'Halaucesti','halaucesti','RO',1),
(464397,782177,'Harlau','harlau','RO',1),
(464398,782177,'Helesteni','helesteni','RO',1),
(464399,782177,'Helesteni Harmaneasa','helesteni-harmaneasa','RO',1),
(464400,782177,'Holboca','holboca','RO',1),
(464401,782177,'Horlesti','horlesti','RO',1),
(464402,782177,'Iasi','iasi','RO',1),
(464403,782177,'Ipatele','ipatele','RO',1),
(464404,782177,'Lespezi','lespezi','RO',1),
(464405,782177,'Letcani','letcani','RO',1),
(464406,782177,'Lungani','lungani','RO',1),
(464407,782177,'Madarjac','madarjac','RO',1),
(464408,782177,'Mircesti','mircesti','RO',1),
(464409,782177,'Mironeasa','mironeasa','RO',1),
(464410,782177,'Miroslava','miroslava','RO',1),
(464411,782177,'Miroslovesti','miroslovesti','RO',1),
(464412,782177,'Mogosesti','mogosesti','RO',1),
(464413,782177,'Mogosesti-Siret','mogosesti-siret','RO',1),
(464414,782177,'Mosna','mosna','RO',1),
(464415,782177,'Motca','motca','RO',1),
(464416,782177,'Movileni','movileni','RO',1),
(464417,782177,'Oteleni','oteleni','RO',1),
(464418,782177,'Pascani','pascani','RO',1),
(464419,782177,'Plugari','plugari','RO',1),
(464420,782177,'Podu Iloaiei','podu-iloaiei','RO',1),
(464421,782177,'Popesti','popesti','RO',1),
(464422,782177,'Popricani','popricani','RO',1),
(464423,782177,'Prisacani','prisacani','RO',1),
(464424,782177,'Probota','probota','RO',1),
(464425,782177,'Raducaneni','raducaneni','RO',1),
(464426,782177,'Rediu','rediu','RO',1),
(464427,782177,'Romanesti','romanesti','RO',1),
(464428,782177,'Ruginoasa','ruginoasa','RO',1),
(464429,782177,'Scanteia','scanteia','RO',1),
(464430,782177,'Scheia','scheia','RO',1),
(464431,782177,'Schitu Duca','schitu-duca','RO',1),
(464432,782177,'Scobinti','scobinti','RO',1),
(464433,782177,'Sinesti','sinesti','RO',1),
(464434,782177,'Sipote','sipote','RO',1),
(464435,782177,'Siretel','siretel','RO',1),
(464436,782177,'Stolniceni-Prajescu','stolniceni-prajescu','RO',1),
(464437,782177,'Strunga','strunga','RO',1),
(464438,782177,'Tansa','tansa','RO',1),
(464439,782177,'Targu Frumos','targu-frumos','RO',1),
(464440,782177,'Targu Gangiulesti','targu-gangiulesti','RO',1),
(464441,782177,'Tatarusi','tatarusi','RO',1),
(464442,782177,'Tibana','tibana','RO',1),
(464443,782177,'Tibanesti','tibanesti','RO',1),
(464444,782177,'Tiganasi','tiganasi','RO',1),
(464445,782177,'Todiresti','todiresti','RO',1),
(464446,782177,'Tomesti','tomesti','RO',1),
(464447,782177,'Trifesti','trifesti','RO',1),
(464448,782177,'Tutora','tutora','RO',1),
(464449,782177,'Ungheni','ungheni','RO',1),
(464450,782177,'Valea Seaca','valea-seaca','RO',1),
(464451,782177,'Vanatori','vanatori','RO',1),
(464452,782177,'Victoria','victoria','RO',1),
(464453,782177,'Vladeni','vladeni','RO',1),
(464454,782177,'Voinesti','voinesti','RO',1),
(464455,782178,'1 Decembrie','1-decembrie','RO',1),
(464456,782178,'Afumati','afumati','RO',1),
(464457,782178,'Balotesti','balotesti','RO',1),
(464458,782178,'Berceni','berceni','RO',1),
(464459,782178,'Bragadiru','bragadiru','RO',1),
(464460,782178,'Branesti','branesti','RO',1),
(464461,782178,'Bucuresti Sector 1','bucuresti-sector-1','RO',1),
(464462,782178,'Bucuresti Sector 2','bucuresti-sector-2','RO',1),
(464463,782178,'Bucuresti Sector 3','bucuresti-sector-3','RO',1),
(464464,782178,'Bucuresti Sector 4','bucuresti-sector-4','RO',1),
(464465,782178,'Bucuresti Sector 5','bucuresti-sector-5','RO',1),
(464466,782178,'Bucuresti Sector 6','bucuresti-sector-6','RO',1),
(464467,782178,'Buftea','buftea','RO',1),
(464468,782178,'Cernica','cernica','RO',1),
(464469,782178,'Chiajna','chiajna','RO',1),
(464470,782178,'Chitila','chitila','RO',1),
(464471,782178,'Ciolpani','ciolpani','RO',1),
(464472,782178,'Ciorogarla','ciorogarla','RO',1),
(464473,782178,'Clinceni','clinceni','RO',1),
(464474,782178,'Corbeanca','corbeanca','RO',1),
(464475,782178,'Cornetu','cornetu','RO',1),
(464476,782178,'Darasti Ilfov','darasti-ilfov','RO',1),
(464477,782178,'Dascalu','dascalu','RO',1),
(464478,782178,'Dobroesti','dobroesti','RO',1),
(464479,782178,'Domnesti','domnesti','RO',1),
(464480,782178,'Dragomiresti Vale','dragomiresti-vale','RO',1),
(464481,782178,'Ganeasa','ganeasa','RO',1),
(464482,782178,'Glina','glina','RO',1),
(464483,782178,'Gradistea','gradistea','RO',1),
(464484,782178,'Gruiu','gruiu','RO',1),
(464485,782178,'Jilava','jilava','RO',1),
(464486,782178,'Magurele','magurele','RO',1),
(464487,782178,'Moara Vlasiei','moara-vlasiei','RO',1),
(464488,782178,'Mogosoaia','mogosoaia','RO',1),
(464489,782178,'Nuci','nuci','RO',1),
(464490,782178,'Otopeni','otopeni','RO',1),
(464491,782178,'Pantelimon','pantelimon','RO',1),
(464492,782178,'Peris','peris','RO',1),
(464493,782178,'Petrachioaia','petrachioaia','RO',1),
(464494,782178,'Popesti-Leordeni','popesti-leordeni','RO',1),
(464495,782178,'Prim Decembrie','prim-decembrie','RO',1),
(464496,782178,'Saftica','saftica','RO',1),
(464497,782178,'Snagov','snagov','RO',1),
(464498,782178,'Stefanestii de Jos','stefanestii-de-jos','RO',1),
(464499,782178,'Tunari','tunari','RO',1),
(464500,782178,'Vidra','vidra','RO',1),
(464501,782178,'Voluntari','voluntari','RO',1),
(464502,782179,'Ardusat','ardusat','RO',1),
(464503,782179,'Arinis','arinis','RO',1),
(464504,782179,'Asuaju de Sus','asuaju-de-sus','RO',1),
(464505,782179,'Baia Mare','baia-mare','RO',1),
(464506,782179,'Baia Sprie','baia-sprie','RO',1),
(464507,782179,'Baita de sub Codru','baita-de-sub-codru','RO',1),
(464508,782179,'Baiut','baiut','RO',1),
(464509,782179,'Barsana','barsana','RO',1),
(464510,782179,'Basesti','basesti','RO',1),
(464511,782179,'Bicaz','bicaz','RO',1),
(464512,782179,'Bistra','bistra','RO',1),
(464513,782179,'Bocicoiu Mare','bocicoiu-mare','RO',1),
(464514,782179,'Bogdan Voda','bogdan-voda','RO',1),
(464515,782179,'Boiu Mare','boiu-mare','RO',1),
(464516,782179,'Borsa','borsa','RO',1),
(464517,782179,'Botiza','botiza','RO',1),
(464518,782179,'Budesti','budesti','RO',1),
(464519,782179,'Calinesti','calinesti','RO',1),
(464520,782179,'Campulung la Tisa','campulung-la-tisa','RO',1),
(464521,782179,'Cavnic','cavnic','RO',1),
(464522,782179,'Cernesti','cernesti','RO',1),
(464523,782179,'Cicarlau','cicarlau','RO',1),
(464524,782179,'Copalnic-Manastur','copalnic-manastur','RO',1),
(464525,782179,'Coroieni','coroieni','RO',1),
(464526,782179,'Cupseni','cupseni','RO',1),
(464527,782179,'Desesti','desesti','RO',1),
(464528,782179,'Dragomiresti','dragomiresti','RO',1),
(464529,782179,'Dumbravita','dumbravita','RO',1),
(464530,782179,'Farcasa','farcasa','RO',1),
(464531,782179,'Giulesti','giulesti','RO',1),
(464532,782179,'Grosi','grosi','RO',1),
(464533,782179,'Grosii Tiblesului','grosii-tiblesului','RO',1),
(464534,782179,'Ieud','ieud','RO',1),
(464535,782179,'Lapus','lapus','RO',1),
(464536,782179,'Leordina','leordina','RO',1),
(464537,782179,'Miresu Mare','miresu-mare','RO',1),
(464538,782179,'Moisei','moisei','RO',1),
(464539,782179,'Oarta de Jos','oarta-de-jos','RO',1),
(464540,782179,'Ocna Sugatag','ocna-sugatag','RO',1),
(464541,782179,'Petrova','petrova','RO',1),
(464542,782179,'Poienile de sub Munte','poienile-de-sub-munte','RO',1),
(464543,782179,'Poienile Izei','poienile-izei','RO',1),
(464544,782179,'Recea','recea','RO',1),
(464545,782179,'Remetea Chioarului','remetea-chioarului','RO',1),
(464546,782179,'Remeti','remeti','RO',1),
(464547,782179,'Repedea','repedea','RO',1),
(464548,782179,'Rona de Jos','rona-de-jos','RO',1),
(464549,782179,'Rona de Sus','rona-de-sus','RO',1),
(464550,782179,'Rozavlea','rozavlea','RO',1),
(464551,782179,'Ruscova','ruscova','RO',1),
(464552,782179,'Sacalaseni','sacalaseni','RO',1),
(464553,782179,'Sacel','sacel','RO',1),
(464554,782179,'Salistea de Sus','salistea-de-sus','RO',1),
(464555,782179,'Salsig','salsig','RO',1),
(464556,782179,'Sapanta','sapanta','RO',1),
(464557,782179,'Sarasau','sarasau','RO',1),
(464558,782179,'Satulung','satulung','RO',1),
(464559,782179,'Seini','seini','RO',1),
(464560,782179,'Sighetu Marmatiei','sighetu-marmatiei','RO',1),
(464561,782179,'Sisesti','sisesti','RO',1),
(464562,782179,'Somcuta Mare','somcuta-mare','RO',1),
(464563,782179,'Stramtura','stramtura','RO',1),
(464564,782179,'Suciu de Sus','suciu-de-sus','RO',1),
(464565,782179,'Targu Lapus','targu-lapus','RO',1),
(464566,782179,'Tautii Margheraus','tautii-margheraus','RO',1),
(464567,782179,'Ulmeni','ulmeni','RO',1),
(464568,782179,'Vadu Izei','vadu-izei','RO',1),
(464569,782179,'Valea Chioarului','valea-chioarului','RO',1),
(464570,782179,'Vima Mica','vima-mica','RO',1),
(464571,782179,'Viseu de Jos','viseu-de-jos','RO',1),
(464572,782179,'Viseu de Sus','viseu-de-sus','RO',1),
(464573,782180,'Bacles','bacles','RO',1),
(464574,782180,'Baclesu','baclesu','RO',1),
(464575,782180,'Baia de Arama','baia-de-arama','RO',1),
(464576,782180,'Bala','bala','RO',1),
(464577,782180,'Balacita','balacita','RO',1),
(464578,782180,'Balta','balta','RO',1),
(464579,782180,'Balvanesti','balvanesti','RO',1),
(464580,782180,'Branistea','branistea','RO',1),
(464581,782180,'Breznita-Motru','breznita-motru','RO',1),
(464582,782180,'Breznita-Ocol','breznita-ocol','RO',1),
(464583,782180,'Brosteni','brosteni','RO',1),
(464584,782180,'Burila Mare','burila-mare','RO',1),
(464585,782180,'Butoiesti','butoiesti','RO',1),
(464586,782180,'Cazanesti','cazanesti','RO',1),
(464587,782180,'Ciresu','ciresu','RO',1),
(464588,782180,'Corcova','corcova','RO',1),
(464589,782180,'Corlatel','corlatel','RO',1),
(464590,782180,'Cujmir','cujmir','RO',1),
(464591,782180,'Darvari','darvari','RO',1),
(464592,782180,'Devesel','devesel','RO',1),
(464593,782180,'Drobeta-Turnu Severin','drobeta-turnu-severin','RO',1),
(464594,782180,'Dubova','dubova','RO',1),
(464595,782180,'Dumbrava','dumbrava','RO',1),
(464596,782180,'Eselnita','eselnita','RO',1),
(464597,782180,'Floresti','floresti','RO',1),
(464598,782180,'Garla Mare','garla-mare','RO',1),
(464599,782180,'Godeanu','godeanu','RO',1),
(464600,782180,'Gogosu','gogosu','RO',1),
(464601,782180,'Greci','greci','RO',1),
(464602,782180,'Grozesti','grozesti','RO',1),
(464603,782180,'Gruia','gruia','RO',1),
(464604,782180,'Hinova','hinova','RO',1),
(464605,782180,'Husnicioara','husnicioara','RO',1),
(464606,782180,'Ilovat','ilovat','RO',1),
(464607,782180,'Ilovita','ilovita','RO',1),
(464608,782180,'Isverna','isverna','RO',1),
(464609,782180,'Izvoru Barzii','izvoru-barzii','RO',1),
(464610,782180,'Jiana','jiana','RO',1),
(464611,782180,'Livezile','livezile','RO',1),
(464612,782180,'Malovat','malovat','RO',1),
(464613,782180,'Obarsia Closani','obarsia-closani','RO',1),
(464614,782180,'Obarsia de Camp','obarsia-de-camp','RO',1),
(464615,782180,'Obarsia Noua','obarsia-noua','RO',1),
(464616,782180,'Oprisor','oprisor','RO',1),
(464617,782180,'Orsova','orsova','RO',1),
(464618,782180,'Padina','padina','RO',1),
(464619,782180,'Padina Mare','padina-mare','RO',1),
(464620,782180,'Patulele','patulele','RO',1),
(464621,782180,'Podeni','podeni','RO',1),
(464622,782180,'Ponoarele','ponoarele','RO',1),
(464623,782180,'Poroina Mare','poroina-mare','RO',1),
(464624,782180,'Pristol','pristol','RO',1),
(464625,782180,'Prunisor','prunisor','RO',1),
(464626,782180,'Punghina','punghina','RO',1),
(464627,782180,'Rogova','rogova','RO',1),
(464628,782180,'Salcia','salcia','RO',1),
(464629,782180,'Simian','simian','RO',1),
(464630,782180,'Sisesti','sisesti','RO',1),
(464631,782180,'Sovarna','sovarna','RO',1),
(464632,782180,'Stangaceaua','stangaceaua','RO',1),
(464633,782180,'Strehaia','strehaia','RO',1),
(464634,782180,'Svinita','svinita','RO',1),
(464635,782180,'Tamna','tamna','RO',1),
(464636,782180,'Vanatori','vanatori','RO',1),
(464637,782180,'Vanju Mare','vanju-mare','RO',1),
(464638,782180,'Vanjulet','vanjulet','RO',1),
(464639,782180,'Vladaia','vladaia','RO',1),
(464640,782180,'Voloiac','voloiac','RO',1),
(464641,782181,'Acatari','acatari','RO',1),
(464642,782181,'Adamus','adamus','RO',1),
(464643,782181,'Albesti','albesti','RO',1),
(464644,782181,'Alunis','alunis','RO',1),
(464645,782181,'Apold','apold','RO',1),
(464646,782181,'Atintis','atintis','RO',1),
(464647,782181,'Bagaciu','bagaciu','RO',1),
(464648,782181,'Bahnea','bahnea','RO',1),
(464649,782181,'Bala','bala','RO',1),
(464650,782181,'Balauseri','balauseri','RO',1),
(464651,782181,'Band','band','RO',1),
(464652,782181,'Batos','batos','RO',1),
(464653,782181,'Beica de Jos','beica-de-jos','RO',1),
(464654,782181,'Bichis','bichis','RO',1),
(464655,782181,'Bogata','bogata','RO',1),
(464656,782181,'Brancovenesti','brancovenesti','RO',1),
(464657,782181,'Breaza','breaza','RO',1),
(464658,782181,'Brincovenesti','brincovenesti','RO',1),
(464659,782181,'Ceuasu de Campie','ceuasu-de-campie','RO',1),
(464660,782181,'Ceuasu de Cimpie','ceuasu-de-cimpie','RO',1),
(464661,782181,'Chetani','chetani','RO',1),
(464662,782181,'Chibed','chibed','RO',1),
(464663,782181,'Chiheru de Jos','chiheru-de-jos','RO',1),
(464664,782181,'Coroisanmartin','coroisanmartin','RO',1),
(464665,782181,'CoroiSinmartin','coroisinmartin','RO',1),
(464666,782181,'Cozma','cozma','RO',1),
(464667,782181,'Craciunesti','craciunesti','RO',1),
(464668,782181,'Craiesti','craiesti','RO',1),
(464669,782181,'Cristesti','cristesti','RO',1),
(464670,782181,'Cucerdea','cucerdea','RO',1),
(464671,782181,'Cuci','cuci','RO',1),
(464672,782181,'Danes','danes','RO',1),
(464673,782181,'Deda','deda','RO',1),
(464674,782181,'Eremitu','eremitu','RO',1),
(464675,782181,'Ernei','ernei','RO',1),
(464676,782181,'Fantanele','fantanele','RO',1),
(464677,782181,'Faragau','faragau','RO',1),
(464678,782181,'Fintinele','fintinele','RO',1),
(464679,782181,'Galesti','galesti','RO',1),
(464680,782181,'Ganesti','ganesti','RO',1),
(464681,782181,'Gheorghe Doja','gheorghe-doja','RO',1),
(464682,782181,'Ghindari','ghindari','RO',1),
(464683,782181,'Glodeni','glodeni','RO',1),
(464684,782181,'Gornesti','gornesti','RO',1),
(464685,782181,'Grebenisu de Campie','grebenisu-de-campie','RO',1),
(464686,782181,'Grebenisu de Cimpie','grebenisu-de-cimpie','RO',1),
(464687,782181,'Gurghiu','gurghiu','RO',1),
(464688,782181,'Hodac','hodac','RO',1),
(464689,782181,'Hodosa','hodosa','RO',1),
(464690,782181,'Ibanesti','ibanesti','RO',1),
(464691,782181,'Iclanzel','iclanzel','RO',1),
(464692,782181,'Ideciu de Jos','ideciu-de-jos','RO',1),
(464693,782181,'Iernut','iernut','RO',1),
(464694,782181,'Livezeni','livezeni','RO',1),
(464695,782181,'Ludus','ludus','RO',1),
(464696,782181,'Lunca','lunca','RO',1),
(464697,782181,'Lunca Bradului','lunca-bradului','RO',1),
(464698,782181,'Madaras','madaras','RO',1),
(464699,782181,'Magherani','magherani','RO',1),
(464700,782181,'Mica','mica','RO',1),
(464701,782181,'Miercurea Nirajului','miercurea-nirajului','RO',1),
(464702,782181,'Mihesu de Campie','mihesu-de-campie','RO',1),
(464703,782181,'Mihesu de Cimpie','mihesu-de-cimpie','RO',1),
(464704,782181,'Nades','nades','RO',1),
(464705,782181,'Neaua','neaua','RO',1),
(464706,782181,'Ogra','ogra','RO',1),
(464707,782181,'Panet','panet','RO',1),
(464708,782181,'Papiu Ilarian','papiu-ilarian','RO',1),
(464709,782181,'Pasareni','pasareni','RO',1),
(464710,782181,'Petelea','petelea','RO',1),
(464711,782181,'Pogaceaua','pogaceaua','RO',1),
(464712,782181,'Raciu','raciu','RO',1),
(464713,782181,'Rastolita','rastolita','RO',1),
(464714,782181,'Reghin','reghin','RO',1),
(464715,782181,'Riciu','riciu','RO',1),
(464716,782181,'Rusii Munti','rusii-munti','RO',1),
(464717,782181,'Sangeorgiu de Mures','sangeorgiu-de-mures','RO',1),
(464718,782181,'Sangeorgiu de Padure','sangeorgiu-de-padure','RO',1),
(464719,782181,'Sanger','sanger','RO',1),
(464720,782181,'Sanpaul','sanpaul','RO',1),
(464721,782181,'Sanpetru de Campie','sanpetru-de-campie','RO',1),
(464722,782181,'Sarmasu','sarmasu','RO',1),
(464723,782181,'Saschiz','saschiz','RO',1),
(464724,782181,'Saulia','saulia','RO',1),
(464725,782181,'Sighisoara','sighisoara','RO',1),
(464726,782181,'Sincai','sincai','RO',1),
(464727,782181,'Sincraiu de Mures','sincraiu-de-mures','RO',1),
(464728,782181,'Singeorgiu de Mures','singeorgiu-de-mures','RO',1),
(464729,782181,'Singer','singer','RO',1),
(464730,782181,'Sintana de Mures','sintana-de-mures','RO',1),
(464731,782181,'Solovastru','solovastru','RO',1),
(464732,782181,'Sovata','sovata','RO',1),
(464733,782181,'Stanceni','stanceni','RO',1),
(464734,782181,'Stinceni','stinceni','RO',1),
(464735,782181,'Suplac','suplac','RO',1),
(464736,782181,'Suseni','suseni','RO',1),
(464737,782181,'Tarnaveni','tarnaveni','RO',1),
(464738,782181,'Taureni','taureni','RO',1),
(464739,782181,'Tirgu Mures','tirgu-mures','RO',1),
(464740,782181,'Tirnaveni','tirnaveni','RO',1),
(464741,782181,'Ungheni','ungheni','RO',1),
(464742,782181,'Valea Larga','valea-larga','RO',1),
(464743,782181,'Vanatori','vanatori','RO',1),
(464744,782181,'Vargata','vargata','RO',1),
(464745,782181,'Vatava','vatava','RO',1),
(464746,782181,'Vetca','vetca','RO',1),
(464747,782181,'Viisoara','viisoara','RO',1),
(464748,782181,'Vinatori','vinatori','RO',1),
(464749,782181,'Voivodeni','voivodeni','RO',1),
(464750,782181,'Zagar','zagar','RO',1),
(464751,782181,'Zau de Cimpie','zau-de-cimpie','RO',1),
(464752,782182,'Agapia','agapia','RO',1),
(464753,782182,'Alexandru cel Bun','alexandru-cel-bun','RO',1),
(464754,782182,'Bahna','bahna','RO',1),
(464755,782182,'Baltatesti','baltatesti','RO',1),
(464756,782182,'Bara','bara','RO',1),
(464757,782182,'Bargaoani','bargaoani','RO',1),
(464758,782182,'Bargauani','bargauani','RO',1),
(464759,782182,'Bicaz','bicaz','RO',1),
(464760,782182,'Bicaz Chei','bicaz-chei','RO',1),
(464761,782182,'Bicazu Ardelean','bicazu-ardelean','RO',1),
(464762,782182,'Bodesti','bodesti','RO',1),
(464763,782182,'Boghicea','boghicea','RO',1),
(464764,782182,'Borca','borca','RO',1),
(464765,782182,'Borlesti','borlesti','RO',1),
(464766,782182,'Botesti','botesti','RO',1),
(464767,782182,'Bozieni','bozieni','RO',1),
(464768,782182,'Brusturi','brusturi','RO',1),
(464769,782182,'Brusturi Draganesti','brusturi-draganesti','RO',1),
(464770,782182,'Candesti','candesti','RO',1),
(464771,782182,'Ceahlau','ceahlau','RO',1),
(464772,782182,'Cordun','cordun','RO',1),
(464773,782182,'Costisa','costisa','RO',1),
(464774,782182,'Cracaoani','cracaoani','RO',1),
(464775,782182,'Damuc','damuc','RO',1),
(464776,782182,'Dobreni','dobreni','RO',1),
(464777,782182,'Dochia','dochia','RO',1),
(464778,782182,'Doljesti','doljesti','RO',1),
(464779,782182,'Dragomiresti','dragomiresti','RO',1),
(464780,782182,'Dulcesti','dulcesti','RO',1),
(464781,782182,'Dumbrava Rosie','dumbrava-rosie','RO',1),
(464782,782182,'Farcasa','farcasa','RO',1),
(464783,782182,'Faurei','faurei','RO',1),
(464784,782182,'Gadinti','gadinti','RO',1),
(464785,782182,'Garcina','garcina','RO',1),
(464786,782182,'Gheraesti','gheraesti','RO',1),
(464787,782182,'Girov','girov','RO',1),
(464788,782182,'Grinties','grinties','RO',1),
(464789,782182,'Grumazesti','grumazesti','RO',1),
(464790,782182,'Hangu','hangu','RO',1),
(464791,782182,'Horia','horia','RO',1),
(464792,782182,'Icusesti','icusesti','RO',1),
(464793,782182,'Ion Creanga','ion-creanga','RO',1),
(464794,782182,'Margineni','margineni','RO',1),
(464795,782182,'Moldoveni','moldoveni','RO',1),
(464796,782182,'Negresti','negresti','RO',1),
(464797,782182,'Oniceni','oniceni','RO',1),
(464798,782182,'Pangarati','pangarati','RO',1),
(464799,782182,'Pastraveni','pastraveni','RO',1),
(464800,782182,'Petricani','petricani','RO',1),
(464801,782182,'Piatra Soimului','piatra-soimului','RO',1),
(464802,782182,'Piatra-Neamt','piatra-neamt','RO',1),
(464803,782182,'Pipirig','pipirig','RO',1),
(464804,782182,'Podoleni','podoleni','RO',1),
(464805,782182,'Poiana Teiului','poiana-teiului','RO',1),
(464806,782182,'Poienari','poienari','RO',1),
(464807,782182,'Raucesti','raucesti','RO',1),
(464808,782182,'Razboieni','razboieni','RO',1),
(464809,782182,'Rediu','rediu','RO',1),
(464810,782182,'Roman','roman','RO',1),
(464811,782182,'Romani','romani','RO',1),
(464812,782182,'Roznov','roznov','RO',1),
(464813,782182,'Ruginoasa','ruginoasa','RO',1),
(464814,782182,'Sabaoani','sabaoani','RO',1),
(464815,782182,'Sagna','sagna','RO',1),
(464816,782182,'Savinesti','savinesti','RO',1),
(464817,782182,'Secuieni','secuieni','RO',1),
(464818,782182,'Stanita','stanita','RO',1),
(464819,782182,'Stefan cel Mare','stefan-cel-mare','RO',1),
(464820,782182,'Tamaseni','tamaseni','RO',1),
(464821,782182,'Tarcau','tarcau','RO',1),
(464822,782182,'Targu Neamt','targu-neamt','RO',1),
(464823,782182,'Tasca','tasca','RO',1),
(464824,782182,'Tazlau','tazlau','RO',1),
(464825,782182,'Tibucani','tibucani','RO',1),
(464826,782182,'Timisesti','timisesti','RO',1),
(464827,782182,'Trifesti','trifesti','RO',1),
(464828,782182,'Tupilati','tupilati','RO',1),
(464829,782182,'Urecheni','urecheni','RO',1),
(464830,782182,'Valea Ursului','valea-ursului','RO',1),
(464831,782182,'Valeni','valeni','RO',1),
(464832,782182,'Vanatori-Neamt','vanatori-neamt','RO',1),
(464833,782182,'Viisoara','viisoara','RO',1),
(464834,782182,'Zanesti','zanesti','RO',1),
(464835,782183,'Babiciu','babiciu','RO',1),
(464836,782183,'Baldovinesti','baldovinesti','RO',1),
(464837,782183,'Bals','bals','RO',1),
(464838,782183,'Barasti','barasti','RO',1),
(464839,782183,'Barza','barza','RO',1),
(464840,782183,'Bobicesti','bobicesti','RO',1),
(464841,782183,'Brancoveni','brancoveni','RO',1),
(464842,782183,'Brastavatu','brastavatu','RO',1),
(464843,782183,'Brebeni','brebeni','RO',1),
(464844,782183,'Bucinisu','bucinisu','RO',1),
(464845,782183,'Calui','calui','RO',1),
(464846,782183,'Caracal','caracal','RO',1),
(464847,782183,'Carlogani','carlogani','RO',1),
(464848,782183,'Cezieni','cezieni','RO',1),
(464849,782183,'Cilieni','cilieni','RO',1),
(464850,782183,'Colonesti','colonesti','RO',1),
(464851,782183,'Corabia','corabia','RO',1),
(464852,782183,'Corbu','corbu','RO',1),
(464853,782183,'Coteana','coteana','RO',1),
(464854,782183,'Crampoaia','crampoaia','RO',1),
(464855,782183,'Crampoia','crampoia','RO',1),
(464856,782183,'Cungrea','cungrea','RO',1),
(464857,782183,'Curtisoara','curtisoara','RO',1),
(464858,782183,'Daneasa','daneasa','RO',1),
(464859,782183,'Deveselu','deveselu','RO',1),
(464860,782183,'Dobretu','dobretu','RO',1),
(464861,782183,'Dobrosloveni','dobrosloveni','RO',1),
(464862,782183,'Dobroteasa','dobroteasa','RO',1),
(464863,782183,'Dobrun','dobrun','RO',1),
(464864,782183,'Draganesti-Olt','draganesti-olt','RO',1),
(464865,782183,'Draghiceni','draghiceni','RO',1),
(464866,782183,'Fagetelu','fagetelu','RO',1),
(464867,782183,'Falcoiu','falcoiu','RO',1),
(464868,782183,'Farcasele','farcasele','RO',1),
(464869,782183,'Ganeasa','ganeasa','RO',1),
(464870,782183,'Garcov','garcov','RO',1),
(464871,782183,'Garcovu','garcovu','RO',1),
(464872,782183,'Giuvarasti','giuvarasti','RO',1),
(464873,782183,'Gostavatu','gostavatu','RO',1),
(464874,782183,'Gradinari','gradinari','RO',1),
(464875,782183,'Grojdibodu','grojdibodu','RO',1),
(464876,782183,'Ianca','ianca','RO',1),
(464877,782183,'Iancu Jianu','iancu-jianu','RO',1),
(464878,782183,'Icoana','icoana','RO',1),
(464879,782183,'Izbiceni','izbiceni','RO',1),
(464880,782183,'Izvoarele','izvoarele','RO',1),
(464881,782183,'Leleasca','leleasca','RO',1),
(464882,782183,'Maruntei','maruntei','RO',1),
(464883,782183,'Mihaesti','mihaesti','RO',1),
(464884,782183,'Milcov','milcov','RO',1),
(464885,782183,'Morunglav','morunglav','RO',1),
(464886,782183,'Movileni','movileni','RO',1),
(464887,782183,'Nicolae Titulescu','nicolae-titulescu','RO',1),
(464888,782183,'Obarsia','obarsia','RO',1),
(464889,782183,'Oboga','oboga','RO',1),
(464890,782183,'Oporelu','oporelu','RO',1),
(464891,782183,'Optasi','optasi','RO',1),
(464892,782183,'Optasi-Magura','optasi-magura','RO',1),
(464893,782183,'Orlea','orlea','RO',1),
(464894,782183,'Osica de Sus','osica-de-sus','RO',1),
(464895,782183,'Parscoveni','parscoveni','RO',1),
(464896,782183,'Perieti','perieti','RO',1),
(464897,782183,'Piatra-Olt','piatra-olt','RO',1),
(464898,782183,'Plesoiu','plesoiu','RO',1),
(464899,782183,'Poboru','poboru','RO',1),
(464900,782183,'Potcoava','potcoava','RO',1),
(464901,782183,'Priseaca','priseaca','RO',1),
(464902,782183,'Radomiresti','radomiresti','RO',1),
(464903,782183,'Redea','redea','RO',1),
(464904,782183,'Rotunda','rotunda','RO',1),
(464905,782183,'Rusanesti','rusanesti','RO',1),
(464906,782183,'Samburesti','samburesti','RO',1),
(464907,782183,'Scarisoara','scarisoara','RO',1),
(464908,782183,'Schitu','schitu','RO',1),
(464909,782183,'Scornicesti','scornicesti','RO',1),
(464910,782183,'Seaca','seaca','RO',1),
(464911,782183,'Serbanesti','serbanesti','RO',1),
(464912,782183,'Slatina','slatina','RO',1),
(464913,782183,'Slatioara','slatioara','RO',1),
(464914,782183,'Spineni','spineni','RO',1),
(464915,782183,'Sprancenata','sprancenata','RO',1),
(464916,782183,'Stefan cel Mare','stefan-cel-mare','RO',1),
(464917,782183,'Stoenesti','stoenesti','RO',1),
(464918,782183,'Stoicanesti','stoicanesti','RO',1),
(464919,782183,'Strejesti','strejesti','RO',1),
(464920,782183,'Studina','studina','RO',1),
(464921,782183,'Tatulesti','tatulesti','RO',1),
(464922,782183,'Teslui','teslui','RO',1),
(464923,782183,'Tia Mare','tia-mare','RO',1),
(464924,782183,'Topana','topana','RO',1),
(464925,782183,'Traian','traian','RO',1),
(464926,782183,'Tufeni','tufeni','RO',1),
(464927,782183,'Ulmi','ulmi','RO',1),
(464928,782183,'Urzica','urzica','RO',1),
(464929,782183,'Vadastra','vadastra','RO',1),
(464930,782183,'Vadastrita','vadastrita','RO',1),
(464931,782183,'Valcele','valcele','RO',1),
(464932,782183,'Valea Mare','valea-mare','RO',1),
(464933,782183,'Valeni','valeni','RO',1),
(464934,782183,'Verguleasa','verguleasa','RO',1),
(464935,782183,'Visina','visina','RO',1),
(464936,782183,'Vitomiresti','vitomiresti','RO',1),
(464937,782183,'Vladila','vladila','RO',1),
(464938,782183,'Voineasa','voineasa','RO',1),
(464939,782183,'Vulpeni','vulpeni','RO',1),
(464940,782183,'Vulturesti','vulturesti','RO',1),
(464941,782184,'Adunati','adunati','RO',1),
(464942,782184,'Albesti-Paleologu','albesti-paleologu','RO',1),
(464943,782184,'Alunis','alunis','RO',1),
(464944,782184,'Apostolache','apostolache','RO',1),
(464945,782184,'Aricestii Rahtivani','aricestii-rahtivani','RO',1),
(464946,782184,'Aricestii Zeletin','aricestii-zeletin','RO',1),
(464947,782184,'Azuga','azuga','RO',1),
(464948,782184,'Baba Ana','baba-ana','RO',1),
(464949,782184,'Baicoi','baicoi','RO',1),
(464950,782184,'Balta Doamnei','balta-doamnei','RO',1),
(464951,782184,'Baltesti','baltesti','RO',1),
(464952,782184,'Banesti','banesti','RO',1),
(464953,782184,'Barcanesti','barcanesti','RO',1),
(464954,782184,'Berceni','berceni','RO',1),
(464955,782184,'Bertea','bertea','RO',1),
(464956,782184,'Blejoi','blejoi','RO',1),
(464957,782184,'Boldesti','boldesti','RO',1),
(464958,782184,'Boldesti Scaeni','boldesti-scaeni','RO',1),
(464959,782184,'Brazi','brazi','RO',1),
(464960,782184,'Breaza','breaza','RO',1),
(464961,782184,'Brebu','brebu','RO',1),
(464962,782184,'Bucov','bucov','RO',1),
(464963,782184,'Busteni','busteni','RO',1),
(464964,782184,'Calugareni','calugareni','RO',1),
(464965,782184,'Campina','campina','RO',1),
(464966,782184,'Carbunesti','carbunesti','RO',1),
(464967,782184,'Ceptura','ceptura','RO',1),
(464968,782184,'Cerasu','cerasu','RO',1),
(464969,782184,'Chiojdeanca','chiojdeanca','RO',1),
(464970,782184,'Ciorani','ciorani','RO',1),
(464971,782184,'Cocorastii Misli','cocorastii-misli','RO',1),
(464972,782184,'Colceag','colceag','RO',1),
(464973,782184,'Comarnic','comarnic','RO',1),
(464974,782184,'Cornu','cornu','RO',1),
(464975,782184,'Cosminele','cosminele','RO',1),
(464976,782184,'Doftana','doftana','RO',1),
(464977,782184,'Draganesti','draganesti','RO',1),
(464978,782184,'Drajna','drajna','RO',1),
(464979,782184,'Dumbrava','dumbrava','RO',1),
(464980,782184,'Dumbravesti','dumbravesti','RO',1),
(464981,782184,'Fantanele','fantanele','RO',1),
(464982,782184,'Filipestii de Padure','filipestii-de-padure','RO',1),
(464983,782184,'Filipestii de Targ','filipestii-de-targ','RO',1),
(464984,782184,'Floresti','floresti','RO',1),
(464985,782184,'Fulga','fulga','RO',1),
(464986,782184,'Gherghita','gherghita','RO',1),
(464987,782184,'Gorgota','gorgota','RO',1),
(464988,782184,'Gornet','gornet','RO',1),
(464989,782184,'Gornet-Cricov','gornet-cricov','RO',1),
(464990,782184,'Gura Vadului','gura-vadului','RO',1),
(464991,782184,'Gura Vitioarei','gura-vitioarei','RO',1),
(464992,782184,'Iordacheanu','iordacheanu','RO',1),
(464993,782184,'Izvoarele','izvoarele','RO',1),
(464994,782184,'Jugureni','jugureni','RO',1),
(464995,782184,'Lapos','lapos','RO',1),
(464996,782184,'Lipanesti','lipanesti','RO',1),
(464997,782184,'Magurele','magurele','RO',1),
(464998,782184,'Magureni','magureni','RO',1),
(464999,782184,'Maneciu','maneciu','RO',1),
(465000,782184,'Maneciu-Ungureni','maneciu-ungureni','RO',1),
(465001,782184,'Manesti','manesti','RO',1),
(465002,782184,'Mizil','mizil','RO',1),
(465003,782184,'Pacureti','pacureti','RO',1),
(465004,782184,'Paulesti','paulesti','RO',1),
(465005,782184,'Ploiesti','ploiesti','RO',1),
(465006,782184,'Plopeni','plopeni','RO',1),
(465007,782184,'Plopu','plopu','RO',1),
(465008,782184,'Podenii Noi','podenii-noi','RO',1),
(465009,782184,'Poenarii Burchi','poenarii-burchi','RO',1),
(465010,782184,'Poiana Campina','poiana-campina','RO',1),
(465011,782184,'Posesti','posesti','RO',1),
(465012,782184,'Predeal Sarari','predeal-sarari','RO',1),
(465013,782184,'Provita de Jos','provita-de-jos','RO',1),
(465014,782184,'Provita de Sus','provita-de-sus','RO',1),
(465015,782184,'Puchenii Mari','puchenii-mari','RO',1),
(465016,782184,'Rafov','rafov','RO',1),
(465017,782184,'Salcia','salcia','RO',1),
(465018,782184,'Salciile','salciile','RO',1),
(465019,782184,'Sangeru','sangeru','RO',1),
(465020,782184,'Scorteni','scorteni','RO',1),
(465021,782184,'Secaria','secaria','RO',1),
(465022,782184,'Sinaia','sinaia','RO',1),
(465023,782184,'Sirna','sirna','RO',1),
(465024,782184,'Slanic','slanic','RO',1),
(465025,782184,'Soimari','soimari','RO',1),
(465026,782184,'Sotrile','sotrile','RO',1),
(465027,782184,'Starchiojd','starchiojd','RO',1),
(465028,782184,'Stefesti','stefesti','RO',1),
(465029,782184,'Surani','surani','RO',1),
(465030,782184,'Talea','talea','RO',1),
(465031,782184,'Targsorul Vechi','targsorul-vechi','RO',1),
(465032,782184,'Tataru','tataru','RO',1),
(465033,782184,'Teisani','teisani','RO',1),
(465034,782184,'Telega','telega','RO',1),
(465035,782184,'Tinosu','tinosu','RO',1),
(465036,782184,'Tomsani','tomsani','RO',1),
(465037,782184,'Urlati','urlati','RO',1),
(465038,782184,'Vadu Sapat','vadu-sapat','RO',1),
(465039,782184,'Valcanesti','valcanesti','RO',1),
(465040,782184,'Valea Calugareasca','valea-calugareasca','RO',1),
(465041,782184,'Valea Doftanei','valea-doftanei','RO',1),
(465042,782184,'Valenii de Munte','valenii-de-munte','RO',1),
(465043,782184,'Varbilau','varbilau','RO',1),
(465044,782185,'Agrij','agrij','RO',1),
(465045,782185,'Almasu','almasu','RO',1),
(465046,782185,'Babeni','babeni','RO',1),
(465047,782185,'Balan','balan','RO',1),
(465048,782185,'Banisor','banisor','RO',1),
(465049,782185,'Benesat','benesat','RO',1),
(465050,782185,'Bobota','bobota','RO',1),
(465051,782185,'Bocsa','bocsa','RO',1),
(465052,782185,'Buciumi','buciumi','RO',1),
(465053,782185,'Camar','camar','RO',1),
(465054,782185,'Carastelec','carastelec','RO',1),
(465055,782185,'Cehu Silvaniei','cehu-silvaniei','RO',1),
(465056,782185,'Chiesd','chiesd','RO',1),
(465057,782185,'Cizer','cizer','RO',1),
(465058,782185,'Coseiu','coseiu','RO',1),
(465059,782185,'Crasna','crasna','RO',1),
(465060,782185,'Creaca','creaca','RO',1),
(465061,782185,'Criseni','criseni','RO',1),
(465062,782185,'Cristolt','cristolt','RO',1),
(465063,782185,'Cuzaplac','cuzaplac','RO',1),
(465064,782185,'Dobrin','dobrin','RO',1),
(465065,782185,'Dragu','dragu','RO',1),
(465066,782185,'Fildu de Jos','fildu-de-jos','RO',1),
(465067,782185,'Galgau','galgau','RO',1),
(465068,782185,'Garbou','garbou','RO',1),
(465069,782185,'Halmasd','halmasd','RO',1),
(465070,782185,'Hereclean','hereclean','RO',1),
(465071,782185,'Hida','hida','RO',1),
(465072,782185,'Horoatu Crasnei','horoatu-crasnei','RO',1),
(465073,782185,'Ileanda','ileanda','RO',1),
(465074,782185,'Ip','ip','RO',1),
(465075,782185,'Jibou','jibou','RO',1),
(465076,782185,'Letca','letca','RO',1),
(465077,782185,'Lozna','lozna','RO',1),
(465078,782185,'Maeriste','maeriste','RO',1),
(465079,782185,'Marca','marca','RO',1),
(465080,782185,'Mesesenii de Jos','mesesenii-de-jos','RO',1),
(465081,782185,'Mirsid','mirsid','RO',1),
(465082,782185,'Napradea','napradea','RO',1),
(465083,782185,'Nusfalau','nusfalau','RO',1),
(465084,782185,'Pericei','pericei','RO',1),
(465085,782185,'Periceiu','periceiu','RO',1),
(465086,782185,'Plopis','plopis','RO',1),
(465087,782185,'Poiana Blenchii','poiana-blenchii','RO',1),
(465088,782185,'Romanasi','romanasi','RO',1),
(465089,782185,'Rus','rus','RO',1),
(465090,782185,'Sag','sag','RO',1),
(465091,782185,'Salatig','salatig','RO',1),
(465092,782185,'Samsud','samsud','RO',1),
(465093,782185,'Sanmihaiu Almasului','sanmihaiu-almasului','RO',1),
(465094,782185,'Sanmihaiul Almasului','sanmihaiul-almasului','RO',1),
(465095,782185,'Sarmasag','sarmasag','RO',1),
(465096,782185,'Simisna','simisna','RO',1),
(465097,782185,'Simleu Silvaniei','simleu-silvaniei','RO',1),
(465098,782185,'Somes Odorhei','somes-odorhei','RO',1),
(465099,782185,'Surduc','surduc','RO',1),
(465100,782185,'Treznea','treznea','RO',1),
(465101,782185,'Valcau de Jos','valcau-de-jos','RO',1),
(465102,782185,'Varsolt','varsolt','RO',1),
(465103,782185,'Zalau','zalau','RO',1),
(465104,782185,'Zalha','zalha','RO',1),
(465105,782185,'Zimbor','zimbor','RO',1),
(465106,782186,'Acas','acas','RO',1),
(465107,782186,'Andrid','andrid','RO',1),
(465108,782186,'Apa','apa','RO',1),
(465109,782186,'Ardud','ardud','RO',1),
(465110,782186,'Barsau','barsau','RO',1),
(465111,782186,'Batarci','batarci','RO',1),
(465112,782186,'Beltiug','beltiug','RO',1),
(465113,782186,'Berveni','berveni','RO',1),
(465114,782186,'Bixad','bixad','RO',1),
(465115,782186,'Bogdand','bogdand','RO',1),
(465116,782186,'Botiz','botiz','RO',1),
(465117,782186,'Calinesti Oas','calinesti-oas','RO',1),
(465118,782186,'Camarzana','camarzana','RO',1),
(465119,782186,'Capleni','capleni','RO',1),
(465120,782186,'Carei','carei','RO',1),
(465121,782186,'Cauas','cauas','RO',1),
(465122,782186,'Cehal','cehal','RO',1),
(465123,782186,'Certeze','certeze','RO',1),
(465124,782186,'Craidorolt','craidorolt','RO',1),
(465125,782186,'Crucisor','crucisor','RO',1),
(465126,782186,'Culciu','culciu','RO',1),
(465127,782186,'Doba','doba','RO',1),
(465128,782186,'Dorolt','dorolt','RO',1),
(465129,782186,'Foeni','foeni','RO',1),
(465130,782186,'Gherta Mica','gherta-mica','RO',1),
(465131,782186,'Halmeu','halmeu','RO',1),
(465132,782186,'Hodod','hodod','RO',1),
(465133,782186,'Homorod de Jos','homorod-de-jos','RO',1),
(465134,782186,'Lazuri','lazuri','RO',1),
(465135,782186,'Livada','livada','RO',1),
(465136,782186,'Mediesu Aurit','mediesu-aurit','RO',1),
(465137,782186,'Micula','micula','RO',1),
(465138,782186,'Moftinu Mare','moftinu-mare','RO',1),
(465139,782186,'Negresti Oas','negresti-oas','RO',1),
(465140,782186,'Odoreu','odoreu','RO',1),
(465141,782186,'Orasu Nou','orasu-nou','RO',1),
(465142,782186,'Paulesti','paulesti','RO',1),
(465143,782186,'Petresti','petresti','RO',1),
(465144,782186,'Pir','pir','RO',1),
(465145,782186,'Piscolt','piscolt','RO',1),
(465146,782186,'Pomi','pomi','RO',1),
(465147,782186,'Sacaseni','sacaseni','RO',1),
(465148,782186,'Sanislau','sanislau','RO',1),
(465149,782186,'Santau','santau','RO',1),
(465150,782186,'Satu Mare','satu-mare','RO',1),
(465151,782186,'Sauca','sauca','RO',1),
(465152,782186,'Socond','socond','RO',1),
(465153,782186,'Supuru de Jos','supuru-de-jos','RO',1),
(465154,782186,'Tarna Mare','tarna-mare','RO',1),
(465155,782186,'Tarsolt','tarsolt','RO',1),
(465156,782186,'Tasnad','tasnad','RO',1),
(465157,782186,'Terebesti','terebesti','RO',1),
(465158,782186,'Tiream','tiream','RO',1),
(465159,782186,'Turt','turt','RO',1),
(465160,782186,'Turulung','turulung','RO',1),
(465161,782186,'Urziceni','urziceni','RO',1),
(465162,782186,'Valea Vinului','valea-vinului','RO',1),
(465163,782186,'Vama','vama','RO',1),
(465164,782186,'Vetis','vetis','RO',1),
(465165,782186,'Viile Satu Mare','viile-satu-mare','RO',1),
(465166,782187,'Agnita','agnita','RO',1),
(465167,782187,'Altina','altina','RO',1),
(465168,782187,'Apoldu de Jos','apoldu-de-jos','RO',1),
(465169,782187,'Arpasu de Jos','arpasu-de-jos','RO',1),
(465170,782187,'Atel','atel','RO',1),
(465171,782187,'Avrig','avrig','RO',1),
(465172,782187,'Axente Sever','axente-sever','RO',1),
(465173,782187,'Barghis','barghis','RO',1),
(465174,782187,'Bazna','bazna','RO',1),
(465175,782187,'Biertan','biertan','RO',1),
(465176,782187,'Blajel','blajel','RO',1),
(465177,782187,'Bradeni','bradeni','RO',1),
(465178,782187,'Brateiu','brateiu','RO',1),
(465179,782187,'Bruiu','bruiu','RO',1),
(465180,782187,'Carta','carta','RO',1),
(465181,782187,'Cartisoara','cartisoara','RO',1),
(465182,782187,'Chirpar','chirpar','RO',1),
(465183,782187,'Cisnadie','cisnadie','RO',1),
(465184,782187,'Copsa Mica','copsa-mica','RO',1),
(465185,782187,'Cristian','cristian','RO',1),
(465186,782187,'Darlos','darlos','RO',1),
(465187,782187,'Dumbraveni','dumbraveni','RO',1),
(465188,782187,'Gura Raului','gura-raului','RO',1),
(465189,782187,'Hoghilag','hoghilag','RO',1),
(465190,782187,'Iacobeni','iacobeni','RO',1),
(465191,782187,'Jina','jina','RO',1),
(465192,782187,'Laslea','laslea','RO',1),
(465193,782187,'Loamnes','loamnes','RO',1),
(465194,782187,'Ludos','ludos','RO',1),
(465195,782187,'Marpod','marpod','RO',1),
(465196,782187,'Medias','medias','RO',1),
(465197,782187,'Merghindeal','merghindeal','RO',1),
(465198,782187,'Micasasa','micasasa','RO',1),
(465199,782187,'Miercurea Sibiului','miercurea-sibiului','RO',1),
(465200,782187,'Mihaileni','mihaileni','RO',1),
(465201,782187,'Mosna','mosna','RO',1),
(465202,782187,'Nocrich','nocrich','RO',1),
(465203,782187,'Ocna Sibiului','ocna-sibiului','RO',1),
(465204,782187,'Orlat','orlat','RO',1),
(465205,782187,'Pauca','pauca','RO',1),
(465206,782187,'Poiana Sibiului','poiana-sibiului','RO',1),
(465207,782187,'Poplaca','poplaca','RO',1),
(465208,782187,'Porumbacu de Jos','porumbacu-de-jos','RO',1),
(465209,782187,'Racovita','racovita','RO',1),
(465210,782187,'Rasinari','rasinari','RO',1),
(465211,782187,'Rau Sadului','rau-sadului','RO',1),
(465212,782187,'Rosia','rosia','RO',1),
(465213,782187,'Sadu','sadu','RO',1),
(465214,782187,'Saliste','saliste','RO',1),
(465215,782187,'Seica Mare','seica-mare','RO',1),
(465216,782187,'Seica Mica','seica-mica','RO',1),
(465217,782187,'Selimbar','selimbar','RO',1),
(465218,782187,'Sibiu','sibiu','RO',1),
(465219,782187,'Slimnic','slimnic','RO',1),
(465220,782187,'Sura Mare','sura-mare','RO',1),
(465221,782187,'Sura Mica','sura-mica','RO',1),
(465222,782187,'Talmaciu','talmaciu','RO',1),
(465223,782187,'Tarnava','tarnava','RO',1),
(465224,782187,'Tilisca','tilisca','RO',1),
(465225,782187,'Turnu Rosu','turnu-rosu','RO',1),
(465226,782187,'Valea Viilor','valea-viilor','RO',1),
(465227,782187,'Vurpar','vurpar','RO',1),
(465228,782188,'Adancata','adancata','RO',1),
(465229,782188,'Arbore','arbore','RO',1),
(465230,782188,'Baia','baia','RO',1),
(465231,782188,'Balcauti','balcauti','RO',1),
(465232,782188,'Berchisesti','berchisesti','RO',1),
(465233,782188,'Bilca','bilca','RO',1),
(465234,782188,'Bogdanesti','bogdanesti','RO',1),
(465235,782188,'Boroaia','boroaia','RO',1),
(465236,782188,'Bosanci','bosanci','RO',1),
(465237,782188,'Botosana','botosana','RO',1),
(465238,782188,'Breaza','breaza','RO',1),
(465239,782188,'Brodina','brodina','RO',1),
(465240,782188,'Brosteni','brosteni','RO',1),
(465241,782188,'Bunesti','bunesti','RO',1),
(465242,782188,'Cacica','cacica','RO',1),
(465243,782188,'Cajvana','cajvana','RO',1),
(465244,782188,'Calafindesti','calafindesti','RO',1),
(465245,782188,'Campulung Moldovenesc','campulung-moldovenesc','RO',1),
(465246,782188,'Carlibaba','carlibaba','RO',1),
(465247,782188,'Ciocanesti','ciocanesti','RO',1),
(465248,782188,'Ciprian Porumbescu','ciprian-porumbescu','RO',1),
(465249,782188,'Cornu Luncii','cornu-luncii','RO',1),
(465250,782188,'Crucea','crucea','RO',1),
(465251,782188,'Darmanesti','darmanesti','RO',1),
(465252,782188,'Dolhasca','dolhasca','RO',1),
(465253,782188,'Dolhesti','dolhesti','RO',1),
(465254,782188,'Dorna','dorna','RO',1),
(465255,782188,'Dorna Candrenilor','dorna-candrenilor','RO',1),
(465256,782188,'Dornesti','dornesti','RO',1),
(465257,782188,'Dragoesti','dragoesti','RO',1),
(465258,782188,'Draguseni','draguseni','RO',1),
(465259,782188,'Dumbraveni','dumbraveni','RO',1),
(465260,782188,'Falticeni','falticeni','RO',1),
(465261,782188,'Fantana Mare','fantana-mare','RO',1),
(465262,782188,'Fantanele','fantanele','RO',1),
(465263,782188,'Forasti','forasti','RO',1),
(465264,782188,'Frasin','frasin','RO',1),
(465265,782188,'Fratautii Noi','fratautii-noi','RO',1),
(465266,782188,'Fratautii Vechi','fratautii-vechi','RO',1),
(465267,782188,'Frumosu','frumosu','RO',1),
(465268,782188,'Fundu Moldovei','fundu-moldovei','RO',1),
(465269,782188,'Galanesti','galanesti','RO',1),
(465270,782188,'Gramesti','gramesti','RO',1),
(465271,782188,'Granicesti','granicesti','RO',1),
(465272,782188,'Gura Humorului','gura-humorului','RO',1),
(465273,782188,'Horodnic de Jos','horodnic-de-jos','RO',1),
(465274,782188,'Horodnic de Sus','horodnic-de-sus','RO',1),
(465275,782188,'Horodniceni','horodniceni','RO',1),
(465276,782188,'Horodnicu','horodnicu','RO',1),
(465277,782188,'Iacobeni','iacobeni','RO',1),
(465278,782188,'Iaslovat','iaslovat','RO',1),
(465279,782188,'Ipotesti','ipotesti','RO',1),
(465280,782188,'Izvoarele Sucevei','izvoarele-sucevei','RO',1),
(465281,782188,'Liteni','liteni','RO',1),
(465282,782188,'Malini','malini','RO',1),
(465283,782188,'Manastirea Homorului','manastirea-homorului','RO',1),
(465284,782188,'Marginea','marginea','RO',1),
(465285,782188,'Milisauti','milisauti','RO',1),
(465286,782188,'Mitocu Dragomirnei','mitocu-dragomirnei','RO',1),
(465287,782188,'Moara','moara','RO',1),
(465288,782188,'Moldova-Sulita','moldova-sulita','RO',1),
(465289,782188,'Moldovita','moldovita','RO',1),
(465290,782188,'Musenita','musenita','RO',1),
(465291,782188,'Ostra','ostra','RO',1),
(465292,782188,'Paltinoasa','paltinoasa','RO',1),
(465293,782188,'Panaci','panaci','RO',1),
(465294,782188,'Partestii de Jos','partestii-de-jos','RO',1),
(465295,782188,'Patrauti','patrauti','RO',1),
(465296,782188,'Plesesti','plesesti','RO',1),
(465297,782188,'Poiana Stampei','poiana-stampei','RO',1),
(465298,782188,'Pojorata','pojorata','RO',1),
(465299,782188,'Preutesti','preutesti','RO',1),
(465300,782188,'Putna','putna','RO',1),
(465301,782188,'Radaseni','radaseni','RO',1),
(465302,782188,'Radauti','radauti','RO',1),
(465303,782188,'Rasca','rasca','RO',1),
(465304,782188,'Sadova','sadova','RO',1),
(465305,782188,'Salcea','salcea','RO',1),
(465306,782188,'Saru Dornei','saru-dornei','RO',1),
(465307,782188,'Satu Mare','satu-mare','RO',1),
(465308,782188,'Scheia','scheia','RO',1),
(465309,782188,'Siminicea','siminicea','RO',1),
(465310,782188,'Siret','siret','RO',1),
(465311,782188,'Slatina','slatina','RO',1),
(465312,782188,'Solca','solca','RO',1),
(465313,782188,'Straja','straja','RO',1),
(465314,782188,'Stroiesti','stroiesti','RO',1),
(465315,782188,'Stulpicani','stulpicani','RO',1),
(465316,782188,'Suceava','suceava','RO',1),
(465317,782188,'Sucevita','sucevita','RO',1),
(465318,782188,'Todiresti','todiresti','RO',1),
(465319,782188,'Udesti','udesti','RO',1),
(465320,782188,'Ulma','ulma','RO',1),
(465321,782188,'Vadu Moldovei','vadu-moldovei','RO',1),
(465322,782188,'Valea Moldovei','valea-moldovei','RO',1),
(465323,782188,'Vama','vama','RO',1),
(465324,782188,'Vatra Dornei','vatra-dornei','RO',1),
(465325,782188,'Vatra Moldovitei','vatra-moldovitei','RO',1),
(465326,782188,'Veresti','veresti','RO',1),
(465327,782188,'Vicovu de Jos','vicovu-de-jos','RO',1),
(465328,782188,'Vicovu de Sus','vicovu-de-sus','RO',1),
(465329,782188,'Volovat','volovat','RO',1),
(465330,782188,'Vulturesti','vulturesti','RO',1),
(465331,782188,'Zamostea','zamostea','RO',1),
(465332,782188,'Zvoristea','zvoristea','RO',1),
(465333,782189,'Alexandria','alexandria','RO',1),
(465334,782189,'Babaita','babaita','RO',1),
(465335,782189,'Balaci','balaci','RO',1),
(465336,782189,'Beciu','beciu','RO',1),
(465337,782189,'Beuca','beuca','RO',1),
(465338,782189,'Blejesti','blejesti','RO',1),
(465339,782189,'Bogdana','bogdana','RO',1),
(465340,782189,'Botoroaga','botoroaga','RO',1),
(465341,782189,'Bragadiru','bragadiru','RO',1),
(465342,782189,'Branceni','branceni','RO',1),
(465343,782189,'Bujoreni','bujoreni','RO',1),
(465344,782189,'Bujoru','bujoru','RO',1),
(465345,782189,'Buzescu','buzescu','RO',1),
(465346,782189,'Calinesti','calinesti','RO',1),
(465347,782189,'Calmatuiu','calmatuiu','RO',1),
(465348,782189,'Calmatuiu de Sus','calmatuiu-de-sus','RO',1),
(465349,782189,'Cervenia','cervenia','RO',1),
(465350,782189,'Ciolanesti','ciolanesti','RO',1),
(465351,782189,'Ciuperceni','ciuperceni','RO',1),
(465352,782189,'Contesti','contesti','RO',1),
(465353,782189,'Cosmesti','cosmesti','RO',1),
(465354,782189,'Crangeni','crangeni','RO',1),
(465355,782189,'Crangu','crangu','RO',1),
(465356,782189,'Crevenicu','crevenicu','RO',1),
(465357,782189,'Didesti','didesti','RO',1),
(465358,782189,'Dobrotesti','dobrotesti','RO',1),
(465359,782189,'Dracea','dracea','RO',1),
(465360,782189,'Dracsenei','dracsenei','RO',1),
(465361,782189,'Draganesti de Vede','draganesti-de-vede','RO',1),
(465362,782189,'Draganesti-Vlasca','draganesti-vlasca','RO',1),
(465363,782189,'Fantanele','fantanele','RO',1),
(465364,782189,'Frumoasa','frumoasa','RO',1),
(465365,782189,'Furculesti','furculesti','RO',1),
(465366,782189,'Galateni','galateni','RO',1),
(465367,782189,'Gratia','gratia','RO',1),
(465368,782189,'Islaz','islaz','RO',1),
(465369,782189,'Izvoarele','izvoarele','RO',1),
(465370,782189,'Lisa','lisa','RO',1),
(465371,782189,'Lita','lita','RO',1),
(465372,782189,'Lunca','lunca','RO',1),
(465373,782189,'Magura','magura','RO',1),
(465374,782189,'Maldaeni','maldaeni','RO',1),
(465375,782189,'Marzanesti','marzanesti','RO',1),
(465376,782189,'Mavrodin','mavrodin','RO',1),
(465377,782189,'Mereni','mereni','RO',1),
(465378,782189,'Mosteni','mosteni','RO',1),
(465379,782189,'Nanov','nanov','RO',1),
(465380,782189,'Nasturelu','nasturelu','RO',1),
(465381,782189,'Necsesti','necsesti','RO',1),
(465382,782189,'Nenciulesti','nenciulesti','RO',1),
(465383,782189,'Olteni','olteni','RO',1),
(465384,782189,'Orbeasca','orbeasca','RO',1),
(465385,782189,'Peretu','peretu','RO',1),
(465386,782189,'Piatra','piatra','RO',1),
(465387,782189,'Pietrosani','pietrosani','RO',1),
(465388,782189,'Plopii-Slavitesti','plopii-slavitesti','RO',1),
(465389,782189,'Plosca','plosca','RO',1),
(465390,782189,'Poeni','poeni','RO',1),
(465391,782189,'Poroschia','poroschia','RO',1),
(465392,782189,'Puranii de Sus','puranii-de-sus','RO',1),
(465393,782189,'Putineiu','putineiu','RO',1),
(465394,782189,'Radoiesti','radoiesti','RO',1),
(465395,782189,'Rasmiresti','rasmiresti','RO',1),
(465396,782189,'Rosiori de Vede','rosiori-de-vede','RO',1),
(465397,782189,'Saceni','saceni','RO',1),
(465398,782189,'Saelele','saelele','RO',1),
(465399,782189,'Salcia','salcia','RO',1),
(465400,782189,'Sarbeni','sarbeni','RO',1),
(465401,782189,'Scrioastea','scrioastea','RO',1),
(465402,782189,'Scurtu Mare','scurtu-mare','RO',1),
(465403,782189,'Seaca','seaca','RO',1),
(465404,782189,'Segarcea-Vale','segarcea-vale','RO',1),
(465405,782189,'Sfintesti','sfintesti','RO',1),
(465406,782189,'Silistea','silistea','RO',1),
(465407,782189,'Silistea Gumesti','silistea-gumesti','RO',1),
(465408,782189,'Slobozia Mandra','slobozia-mandra','RO',1),
(465409,782189,'Smardioasa','smardioasa','RO',1),
(465410,782189,'Stejaru','stejaru','RO',1),
(465411,782189,'Storobaneasa','storobaneasa','RO',1),
(465412,782189,'Suhaia','suhaia','RO',1),
(465413,782189,'Talpa','talpa','RO',1),
(465414,782189,'Tatarastii de Jos','tatarastii-de-jos','RO',1),
(465415,782189,'Tatarastii de Sus','tatarastii-de-sus','RO',1),
(465416,782189,'Tiganesti','tiganesti','RO',1),
(465417,782189,'Traian','traian','RO',1),
(465418,782189,'Trivalea-Mosteni','trivalea-mosteni','RO',1),
(465419,782189,'Troianul','troianul','RO',1),
(465420,782189,'Turnu Magurele','turnu-magurele','RO',1),
(465421,782189,'Uda-Clocociov','uda-clocociov','RO',1),
(465422,782189,'Vartoape','vartoape','RO',1),
(465423,782189,'Vartoapele de Jos','vartoapele-de-jos','RO',1),
(465424,782189,'Vedea','vedea','RO',1),
(465425,782189,'Videle','videle','RO',1),
(465426,782189,'Viisoara','viisoara','RO',1),
(465427,782189,'Vitanesti','vitanesti','RO',1),
(465428,782189,'Zambreasca','zambreasca','RO',1),
(465429,782189,'Zimnicea','zimnicea','RO',1),
(465430,782190,'Balint','balint','RO',1),
(465431,782190,'Banloc','banloc','RO',1),
(465432,782190,'Bara','bara','RO',1),
(465433,782190,'Barna','barna','RO',1),
(465434,782190,'Beba Veche','beba-veche','RO',1),
(465435,782190,'Becicherecu Mic','becicherecu-mic','RO',1),
(465436,782190,'Belint','belint','RO',1),
(465437,782190,'Bethausen','bethausen','RO',1),
(465438,782190,'Biled','biled','RO',1),
(465439,782190,'Birda','birda','RO',1),
(465440,782190,'Bogda','bogda','RO',1),
(465441,782190,'Boldur','boldur','RO',1),
(465442,782190,'Brestovat','brestovat','RO',1),
(465443,782190,'Buzias','buzias','RO',1),
(465444,782190,'Carpinis','carpinis','RO',1),
(465445,782190,'Cenad','cenad','RO',1),
(465446,782190,'Cenei','cenei','RO',1),
(465447,782190,'Checea','checea','RO',1),
(465448,782190,'Cheveresu Mare','cheveresu-mare','RO',1),
(465449,782190,'Ciacova','ciacova','RO',1),
(465450,782190,'Comlosu Mare','comlosu-mare','RO',1),
(465451,782190,'Costeiu','costeiu','RO',1),
(465452,782190,'Criciova','criciova','RO',1),
(465453,782190,'Curtea','curtea','RO',1),
(465454,782190,'Darova','darova','RO',1),
(465455,782190,'Denta','denta','RO',1),
(465456,782190,'Deta','deta','RO',1),
(465457,782190,'Dudestii Vechi','dudestii-vechi','RO',1),
(465458,782190,'Dumbrava','dumbrava','RO',1),
(465459,782190,'Dumbravita','dumbravita','RO',1),
(465460,782190,'Faget','faget','RO',1),
(465461,782190,'Firdea','firdea','RO',1),
(465462,782190,'Foeni','foeni','RO',1),
(465463,782190,'Gataia','gataia','RO',1),
(465464,782190,'Gavojdia','gavojdia','RO',1),
(465465,782190,'Ghilad','ghilad','RO',1),
(465466,782190,'Ghiroda','ghiroda','RO',1),
(465467,782190,'Ghizela','ghizela','RO',1),
(465468,782190,'Giarmata','giarmata','RO',1),
(465469,782190,'Giera','giera','RO',1),
(465470,782190,'Giroc','giroc','RO',1),
(465471,782190,'Giulvaz','giulvaz','RO',1),
(465472,782190,'Gottlob','gottlob','RO',1),
(465473,782190,'Iecea Mare','iecea-mare','RO',1),
(465474,782190,'Jamu Mare','jamu-mare','RO',1),
(465475,782190,'Jebel','jebel','RO',1),
(465476,782190,'Jimbolia','jimbolia','RO',1),
(465477,782190,'Lenauheim','lenauheim','RO',1),
(465478,782190,'Liebling','liebling','RO',1),
(465479,782190,'Lovrin','lovrin','RO',1),
(465480,782190,'Lugoj','lugoj','RO',1),
(465481,782190,'Manastiur','manastiur','RO',1),
(465482,782190,'Margina','margina','RO',1),
(465483,782190,'Masloc','masloc','RO',1),
(465484,782190,'Moravita','moravita','RO',1),
(465485,782190,'Mosnita Noua','mosnita-noua','RO',1),
(465486,782190,'Nadrag','nadrag','RO',1),
(465487,782190,'Nitchidorf','nitchidorf','RO',1),
(465488,782190,'Ohaba Lunga','ohaba-lunga','RO',1),
(465489,782190,'Ortisoara','ortisoara','RO',1),
(465490,782190,'Padureni (Jebel)','padureni-jebel','RO',1),
(465491,782190,'Parta','parta','RO',1),
(465492,782190,'Peciu Nou','peciu-nou','RO',1),
(465493,782190,'Periam','periam','RO',1),
(465494,782190,'Pietroasa','pietroasa','RO',1),
(465495,782190,'Pischia','pischia','RO',1),
(465496,782190,'Racovita','racovita','RO',1),
(465497,782190,'Recas','recas','RO',1),
(465498,782190,'Remetea Mare','remetea-mare','RO',1),
(465499,782190,'Sacalaz','sacalaz','RO',1),
(465500,782190,'Sacosu Turcesc','sacosu-turcesc','RO',1),
(465501,782190,'Sag','sag','RO',1),
(465502,782190,'Sanandrei','sanandrei','RO',1),
(465503,782190,'Sandra','sandra','RO',1),
(465504,782190,'Sanmihaiu Roman','sanmihaiu-roman','RO',1),
(465505,782190,'Sannicolau Mare','sannicolau-mare','RO',1),
(465506,782190,'Sannicolaul Mare','sannicolaul-mare','RO',1),
(465507,782190,'Sanpetru Mare','sanpetru-mare','RO',1),
(465508,782190,'Satchinez','satchinez','RO',1),
(465509,782190,'Secas','secas','RO',1),
(465510,782190,'Stiuca','stiuca','RO',1),
(465511,782190,'Teremia Mare','teremia-mare','RO',1),
(465512,782190,'Timisoara','timisoara','RO',1),
(465513,782190,'Tomesti','tomesti','RO',1),
(465514,782190,'Tomnatic','tomnatic','RO',1),
(465515,782190,'Topolovatu Mare','topolovatu-mare','RO',1),
(465516,782190,'Tormac','tormac','RO',1),
(465517,782190,'Traian Vuia','traian-vuia','RO',1),
(465518,782190,'Uivar','uivar','RO',1),
(465519,782190,'Varias','varias','RO',1),
(465520,782190,'Victor Vlad Delamarina','victor-vlad-delamarina','RO',1),
(465521,782190,'Voiteg','voiteg','RO',1),
(465522,782191,'Babadag','babadag','RO',1),
(465523,782191,'Baia','baia','RO',1),
(465524,782191,'Beidaud','beidaud','RO',1),
(465525,782191,'Carcaliu','carcaliu','RO',1),
(465526,782191,'Casimcea','casimcea','RO',1),
(465527,782191,'Ceamurlia de Jos','ceamurlia-de-jos','RO',1),
(465528,782191,'Ceatalchioi','ceatalchioi','RO',1),
(465529,782191,'Cerna','cerna','RO',1),
(465530,782191,'Chilia Veche','chilia-veche','RO',1),
(465531,782191,'Ciucurova','ciucurova','RO',1),
(465532,782191,'Constantin Rosetti','constantin-rosetti','RO',1),
(465533,782191,'Crisan','crisan','RO',1),
(465534,782191,'Daeni','daeni','RO',1),
(465535,782191,'Dorobantu','dorobantu','RO',1),
(465536,782191,'Frecatei','frecatei','RO',1),
(465537,782191,'Greci','greci','RO',1),
(465538,782191,'Grindu','grindu','RO',1),
(465539,782191,'Hamcearca','hamcearca','RO',1),
(465540,782191,'Horia','horia','RO',1),
(465541,782191,'Ion Bratianu','ion-bratianu','RO',1),
(465542,782191,'Isaccea','isaccea','RO',1),
(465543,782191,'Izvoarele','izvoarele','RO',1),
(465544,782191,'Jijila','jijila','RO',1),
(465545,782191,'Jurilovca','jurilovca','RO',1),
(465546,782191,'Luncavita','luncavita','RO',1),
(465547,782191,'Macin','macin','RO',1),
(465548,782191,'Mahmudia','mahmudia','RO',1),
(465549,782191,'Malnas','malnas','RO',1),
(465550,782191,'Mihai Bravu','mihai-bravu','RO',1),
(465551,782191,'Mihail Kogalniceanu','mihail-kogalniceanu','RO',1),
(465552,782191,'Murighiol','murighiol','RO',1),
(465553,782191,'Nalbant','nalbant','RO',1),
(465554,782191,'Niculitel','niculitel','RO',1),
(465555,782191,'Nufaru','nufaru','RO',1),
(465556,782191,'Ostrov','ostrov','RO',1),
(465557,782191,'Pardina','pardina','RO',1),
(465558,782191,'Peceneaga','peceneaga','RO',1),
(465559,782191,'Sarichioi','sarichioi','RO',1),
(465560,782191,'Sfantu Gheorghe','sfantu-gheorghe','RO',1),
(465561,782191,'Slava Cercheza','slava-cercheza','RO',1),
(465562,782191,'Smardan','smardan','RO',1),
(465563,782191,'Somova','somova','RO',1),
(465564,782191,'Stejaru','stejaru','RO',1),
(465565,782191,'Sulina','sulina','RO',1),
(465566,782191,'Topolog','topolog','RO',1),
(465567,782191,'Tulcea','tulcea','RO',1),
(465568,782191,'Turcoaia','turcoaia','RO',1),
(465569,782191,'Valea Nucarilor','valea-nucarilor','RO',1),
(465570,782192,'Alunu','alunu','RO',1),
(465571,782192,'Amarasti','amarasti','RO',1),
(465572,782192,'Babeni','babeni','RO',1),
(465573,782192,'Baile Govora','baile-govora','RO',1),
(465574,782192,'Baile Olanesti','baile-olanesti','RO',1),
(465575,782192,'Balcesti','balcesti','RO',1),
(465576,782192,'Barbatesti','barbatesti','RO',1),
(465577,782192,'Berbesti','berbesti','RO',1),
(465578,782192,'Berislavesti','berislavesti','RO',1),
(465579,782192,'Boisoara','boisoara','RO',1),
(465580,782192,'Brezoi','brezoi','RO',1),
(465581,782192,'Budesti','budesti','RO',1),
(465582,782192,'Bujoreni','bujoreni','RO',1),
(465583,782192,'Buleta','buleta','RO',1),
(465584,782192,'Bunesti','bunesti','RO',1),
(465585,782192,'Caineni','caineni','RO',1),
(465586,782192,'Calimanesti','calimanesti','RO',1),
(465587,782192,'Cernisoara','cernisoara','RO',1),
(465588,782192,'Copaceni','copaceni','RO',1),
(465589,782192,'Costesti','costesti','RO',1),
(465590,782192,'Creteni','creteni','RO',1),
(465591,782192,'Daesti','daesti','RO',1),
(465592,782192,'Danicei','danicei','RO',1),
(465593,782192,'Dragasani','dragasani','RO',1),
(465594,782192,'Dragoesti','dragoesti','RO',1),
(465595,782192,'Fartatesti','fartatesti','RO',1),
(465596,782192,'Fauresti','fauresti','RO',1),
(465597,782192,'Francesti','francesti','RO',1),
(465598,782192,'Galicea','galicea','RO',1),
(465599,782192,'Ghioroiu','ghioroiu','RO',1),
(465600,782192,'Glavile','glavile','RO',1),
(465601,782192,'Golesti','golesti','RO',1),
(465602,782192,'Gradistea','gradistea','RO',1),
(465603,782192,'Gusoeni','gusoeni','RO',1),
(465604,782192,'Horezu','horezu','RO',1),
(465605,782192,'Ionesti','ionesti','RO',1),
(465606,782192,'Ladesti','ladesti','RO',1),
(465607,782192,'Lalosu','lalosu','RO',1),
(465608,782192,'Lapusata','lapusata','RO',1),
(465609,782192,'Livezi','livezi','RO',1),
(465610,782192,'Lungesti','lungesti','RO',1),
(465611,782192,'Maciuca','maciuca','RO',1),
(465612,782192,'Madulari','madulari','RO',1),
(465613,782192,'Malaia','malaia','RO',1),
(465614,782192,'Maldaresti','maldaresti','RO',1),
(465615,782192,'Mateesti','mateesti','RO',1),
(465616,782192,'Mihaesti','mihaesti','RO',1),
(465617,782192,'Milcoiu','milcoiu','RO',1),
(465618,782192,'Muereasca','muereasca','RO',1),
(465619,782192,'Nicolae Balcescu','nicolae-balcescu','RO',1),
(465620,782192,'Ocnele Mari','ocnele-mari','RO',1),
(465621,782192,'Olanu','olanu','RO',1),
(465622,782192,'Orlesti','orlesti','RO',1),
(465623,782192,'Otesani','otesani','RO',1),
(465624,782192,'Pausesti','pausesti','RO',1),
(465625,782192,'Pausesti Maglasi','pausesti-maglasi','RO',1),
(465626,782192,'Perisani','perisani','RO',1),
(465627,782192,'Pesceana','pesceana','RO',1),
(465628,782192,'Pietrari','pietrari','RO',1),
(465629,782192,'Popesti','popesti','RO',1),
(465630,782192,'Prundeni','prundeni','RO',1),
(465631,782192,'Racovita','racovita','RO',1),
(465632,782192,'Ramnicu Valcea','ramnicu-valcea','RO',1),
(465633,782192,'Roesti','roesti','RO',1),
(465634,782192,'Rosiile','rosiile','RO',1),
(465635,782192,'Runcu','runcu','RO',1),
(465636,782192,'Salatrucel','salatrucel','RO',1),
(465637,782192,'Scundu','scundu','RO',1),
(465638,782192,'Sinesti','sinesti','RO',1),
(465639,782192,'Sirineasa','sirineasa','RO',1),
(465640,782192,'Slatioara','slatioara','RO',1),
(465641,782192,'Stanesti','stanesti','RO',1),
(465642,782192,'Stefanesti','stefanesti','RO',1),
(465643,782192,'Stoenesti','stoenesti','RO',1),
(465644,782192,'Stoilesti','stoilesti','RO',1),
(465645,782192,'Stroesti','stroesti','RO',1),
(465646,782192,'Susani','susani','RO',1),
(465647,782192,'Sutesti','sutesti','RO',1),
(465648,782192,'Tetoiu','tetoiu','RO',1),
(465649,782192,'Tomsani','tomsani','RO',1),
(465650,782192,'Vaideeni','vaideeni','RO',1),
(465651,782192,'Valea Mare','valea-mare','RO',1),
(465652,782192,'Vladesti','vladesti','RO',1),
(465653,782192,'Voicesti','voicesti','RO',1),
(465654,782192,'Voineasa','voineasa','RO',1),
(465655,782192,'Zatreni','zatreni','RO',1),
(465656,782193,'Albesti','albesti','RO',1),
(465657,782193,'Alexandru Vlahuta','alexandru-vlahuta','RO',1),
(465658,782193,'Arsura','arsura','RO',1),
(465659,782193,'Bacani','bacani','RO',1),
(465660,782193,'Bacesti','bacesti','RO',1),
(465661,782193,'Balteni','balteni','RO',1),
(465662,782193,'Banca','banca','RO',1),
(465663,782193,'Barlad','barlad','RO',1),
(465664,782193,'Berezeni','berezeni','RO',1),
(465665,782193,'Blagesti','blagesti','RO',1),
(465666,782193,'Bogdana','bogdana','RO',1),
(465667,782193,'Bogdanesti','bogdanesti','RO',1),
(465668,782193,'Bogdanita','bogdanita','RO',1),
(465669,782193,'Botesti','botesti','RO',1),
(465670,782193,'Bunesti','bunesti','RO',1),
(465671,782193,'Codaesti','codaesti','RO',1),
(465672,782193,'Coroiesti','coroiesti','RO',1),
(465673,782193,'Costesti','costesti','RO',1),
(465674,782193,'Cretesti','cretesti','RO',1),
(465675,782193,'Danesti','danesti','RO',1),
(465676,782193,'Deleni','deleni','RO',1),
(465677,782193,'Delesti','delesti','RO',1),
(465678,782193,'Dimitrie Cantemir','dimitrie-cantemir','RO',1),
(465679,782193,'Dragomiresti','dragomiresti','RO',1),
(465680,782193,'Dranceni Sat','dranceni-sat','RO',1),
(465681,782193,'Duda','duda','RO',1),
(465682,782193,'Dumesti','dumesti','RO',1),
(465683,782193,'Epureni','epureni','RO',1),
(465684,782193,'Falciu','falciu','RO',1),
(465685,782193,'Gagesti','gagesti','RO',1),
(465686,782193,'Garceni','garceni','RO',1),
(465687,782193,'Gherghesti','gherghesti','RO',1),
(465688,782193,'Grivita','grivita','RO',1),
(465689,782193,'Hoceni','hoceni','RO',1),
(465690,782193,'Husi','husi','RO',1),
(465691,782193,'Iana','iana','RO',1),
(465692,782193,'Ivanesti','ivanesti','RO',1),
(465693,782193,'Ivesti','ivesti','RO',1),
(465694,782193,'Laza','laza','RO',1),
(465695,782193,'Lipovat','lipovat','RO',1),
(465696,782193,'Lunca Banului','lunca-banului','RO',1),
(465697,782193,'Malusteni','malusteni','RO',1),
(465698,782193,'Miclesti','miclesti','RO',1),
(465699,782193,'Muntenii de Jos','muntenii-de-jos','RO',1),
(465700,782193,'Murgeni','murgeni','RO',1),
(465701,782193,'Negresti','negresti','RO',1),
(465702,782193,'Oltenesti','oltenesti','RO',1),
(465703,782193,'Osesti','osesti','RO',1),
(465704,782193,'Padureni','padureni','RO',1),
(465705,782193,'Perieni','perieni','RO',1),
(465706,782193,'Pogana','pogana','RO',1),
(465707,782193,'Poienesti','poienesti','RO',1),
(465708,782193,'Puiesti','puiesti','RO',1),
(465709,782193,'Pungesti','pungesti','RO',1),
(465710,782193,'Rebricea','rebricea','RO',1),
(465711,782193,'Rosiesti','rosiesti','RO',1),
(465712,782193,'Solesti','solesti','RO',1),
(465713,782193,'Stanilesti','stanilesti','RO',1),
(465714,782193,'Stefan cel Mare','stefan-cel-mare','RO',1),
(465715,782193,'Suletea','suletea','RO',1),
(465716,782193,'Tacuta','tacuta','RO',1),
(465717,782193,'Tanacu','tanacu','RO',1),
(465718,782193,'Tatarani','tatarani','RO',1),
(465719,782193,'Todiresti','todiresti','RO',1),
(465720,782193,'Tutova','tutova','RO',1),
(465721,782193,'Valeni','valeni','RO',1),
(465722,782193,'Vaslui','vaslui','RO',1),
(465723,782193,'Vetrisoaia','vetrisoaia','RO',1),
(465724,782193,'Viisoara','viisoara','RO',1),
(465725,782193,'Vinderei','vinderei','RO',1),
(465726,782193,'Voinesti','voinesti','RO',1),
(465727,782193,'Vulturesti','vulturesti','RO',1),
(465728,782193,'Vutcani','vutcani','RO',1),
(465729,782193,'Zapodeni','zapodeni','RO',1),
(465730,782193,'Zorleni','zorleni','RO',1),
(465731,782194,'Adjud','adjud','RO',1),
(465732,782194,'Andreiasu de Jos','andreiasu-de-jos','RO',1),
(465733,782194,'Balesti','balesti','RO',1),
(465734,782194,'Barsesti','barsesti','RO',1),
(465735,782194,'Boghesti','boghesti','RO',1),
(465736,782194,'Bolotesti','bolotesti','RO',1),
(465737,782194,'Bordesti','bordesti','RO',1),
(465738,782194,'Brosteni','brosteni','RO',1),
(465739,782194,'Campineanca','campineanca','RO',1),
(465740,782194,'Campuri','campuri','RO',1),
(465741,782194,'Carligele','carligele','RO',1),
(465742,782194,'Chiojdeni','chiojdeni','RO',1),
(465743,782194,'Ciorasti','ciorasti','RO',1),
(465744,782194,'Corbita','corbita','RO',1),
(465745,782194,'Cotesti','cotesti','RO',1),
(465746,782194,'Dumbraveni','dumbraveni','RO',1),
(465747,782194,'Dumitresti','dumitresti','RO',1),
(465748,782194,'Fitionesti','fitionesti','RO',1),
(465749,782194,'Focsani','focsani','RO',1),
(465750,782194,'Garoafa','garoafa','RO',1),
(465751,782194,'Golesti','golesti','RO',1),
(465752,782194,'Gugesti','gugesti','RO',1),
(465753,782194,'Gura Calitei','gura-calitei','RO',1),
(465754,782194,'Homocea','homocea','RO',1),
(465755,782194,'Jaristea','jaristea','RO',1),
(465756,782194,'Jitia','jitia','RO',1),
(465757,782194,'Maicanesti','maicanesti','RO',1),
(465758,782194,'Marasesti','marasesti','RO',1),
(465759,782194,'Mera','mera','RO',1),
(465760,782194,'Milcovul','milcovul','RO',1),
(465761,782194,'Movilita','movilita','RO',1),
(465762,782194,'Nanesti','nanesti','RO',1),
(465763,782194,'Naruja','naruja','RO',1),
(465764,782194,'Negrilesti','negrilesti','RO',1),
(465765,782194,'Nereju','nereju','RO',1),
(465766,782194,'Nistoresti','nistoresti','RO',1),
(465767,782194,'Odobesti','odobesti','RO',1),
(465768,782194,'Paltin','paltin','RO',1),
(465769,782194,'Panciu','panciu','RO',1),
(465770,782194,'Paulesti','paulesti','RO',1),
(465771,782194,'Paunesti','paunesti','RO',1),
(465772,782194,'Poiana Cristei','poiana-cristei','RO',1),
(465773,782194,'Popesti','popesti','RO',1),
(465774,782194,'Pufesti','pufesti','RO',1),
(465775,782194,'Racoasa','racoasa','RO',1),
(465776,782194,'Rastoaca','rastoaca','RO',1),
(465777,782194,'Reghiu','reghiu','RO',1),
(465778,782194,'Ruginesti','ruginesti','RO',1),
(465779,782194,'Serbanesti','serbanesti','RO',1),
(465780,782194,'Sihlea','sihlea','RO',1),
(465781,782194,'Slobozia Bradului','slobozia-bradului','RO',1),
(465782,782194,'Slobozia Ciorasti','slobozia-ciorasti','RO',1),
(465783,782194,'Soveja','soveja','RO',1),
(465784,782194,'Spulber','spulber','RO',1),
(465785,782194,'Straoane','straoane','RO',1),
(465786,782194,'Suraia','suraia','RO',1),
(465787,782194,'Tamboesti','tamboesti','RO',1),
(465788,782194,'Tanasoaia','tanasoaia','RO',1),
(465789,782194,'Tataranu','tataranu','RO',1),
(465790,782194,'Tifesti','tifesti','RO',1),
(465791,782194,'Tulnici','tulnici','RO',1),
(465792,782194,'Urechesti','urechesti','RO',1),
(465793,782194,'Valea Sarii','valea-sarii','RO',1),
(465794,782194,'Vanatori','vanatori','RO',1),
(465795,782194,'Vartescoiu','vartescoiu','RO',1),
(465796,782194,'Vidra','vidra','RO',1),
(465797,782194,'Vintileasca','vintileasca','RO',1),
(465798,782194,'Vizantea','vizantea','RO',1),
(465799,782194,'Vizantea-Livezi','vizantea-livezi','RO',1),
(465800,782194,'Vrancioaia','vrancioaia','RO',1),
(465801,782194,'Vulturu','vulturu','RO',1);

/* Table structure for table `oc_t_city_area` */
CREATE TABLE IF NOT EXISTS `oc_t_city_area` (
  `pk_i_id` int(10) unsigned NOT NULL,
  `fk_i_city_id` int(10) unsigned NOT NULL,
  `s_name` varchar(255) NOT NULL,
  PRIMARY KEY (`pk_i_id`),
  KEY `fk_i_city_id` (`fk_i_city_id`),
  KEY `idx_s_name` (`s_name`),
  CONSTRAINT `oc_t_city_area_ibfk_1` FOREIGN KEY (`fk_i_city_id`) REFERENCES `oc_t_city` (`pk_i_id`)
) ENGINE=InnoDB DEFAULT CHARSET=utf8;


/* Table structure for table `oc_t_widget` */
CREATE TABLE IF NOT EXISTS `oc_t_widget` (
  `pk_i_id` int(10) unsigned NOT NULL AUTO_INCREMENT,
  `s_description` varchar(40) NOT NULL,
  `s_location` varchar(40) NOT NULL,
  `e_kind` enum('TEXT','HTML') NOT NULL,
  `s_content` mediumtext NOT NULL,
  PRIMARY KEY (`pk_i_id`)
) ENGINE=InnoDB DEFAULT CHARSET=utf8;


/* Table structure for table `oc_t_admin` */
CREATE TABLE IF NOT EXISTS `oc_t_admin` (
  `pk_i_id` int(10) unsigned NOT NULL AUTO_INCREMENT,
  `s_name` varchar(100) NOT NULL,
  `s_username` varchar(40) NOT NULL,
  `s_password` char(60) NOT NULL,
  `s_email` varchar(100) DEFAULT NULL,
  `s_secret` varchar(40) DEFAULT NULL,
  `b_moderator` tinyint(1) NOT NULL DEFAULT '0',
  PRIMARY KEY (`pk_i_id`),
  UNIQUE KEY `s_username` (`s_username`),
  UNIQUE KEY `s_email` (`s_email`)
) ENGINE=InnoDB AUTO_INCREMENT=2 DEFAULT CHARSET=utf8;

/* dumping data for table `oc_t_admin` */
insert into `oc_t_admin` values
(1,'Administrator','admin','a94a8fe5ccb19ba61c4c0873d391e987982fbbd3','admin@closetshare.com',null,0);

/* Table structure for table `oc_t_user` */
CREATE TABLE IF NOT EXISTS `oc_t_user` (
  `pk_i_id` int(10) unsigned NOT NULL AUTO_INCREMENT,
  `dt_reg_date` datetime NOT NULL,
  `dt_mod_date` datetime DEFAULT NULL,
  `s_name` varchar(100) NOT NULL,
  `s_username` varchar(100) NOT NULL,
  `s_password` char(60) NOT NULL,
  `s_secret` varchar(40) DEFAULT NULL,
  `s_email` varchar(100) NOT NULL,
  `s_website` varchar(100) DEFAULT NULL,
  `s_phone_land` varchar(45) DEFAULT NULL,
  `s_phone_mobile` varchar(45) DEFAULT NULL,
  `b_enabled` tinyint(1) NOT NULL DEFAULT '1',
  `b_active` tinyint(1) NOT NULL DEFAULT '0',
  `s_pass_code` varchar(100) DEFAULT NULL,
  `s_pass_date` datetime DEFAULT NULL,
  `s_pass_ip` varchar(15) DEFAULT NULL,
  `fk_c_country_code` char(2) DEFAULT NULL,
  `s_country` varchar(40) DEFAULT NULL,
  `s_address` varchar(100) DEFAULT NULL,
  `s_zip` varchar(15) DEFAULT NULL,
  `fk_i_region_id` int(10) unsigned DEFAULT NULL,
  `s_region` varchar(100) DEFAULT NULL,
  `fk_i_city_id` int(10) unsigned DEFAULT NULL,
  `s_city` varchar(100) DEFAULT NULL,
  `fk_i_city_area_id` int(10) unsigned DEFAULT NULL,
  `s_city_area` varchar(200) DEFAULT NULL,
  `d_coord_lat` decimal(10,6) DEFAULT NULL,
  `d_coord_long` decimal(10,6) DEFAULT NULL,
  `b_company` tinyint(1) NOT NULL DEFAULT '0',
  `i_items` int(10) unsigned DEFAULT '0',
  `i_comments` int(10) unsigned DEFAULT '0',
  `dt_access_date` datetime NOT NULL DEFAULT '0000-00-00 00:00:00',
  `s_access_ip` varchar(15) NOT NULL DEFAULT '',
  PRIMARY KEY (`pk_i_id`),
  UNIQUE KEY `s_email` (`s_email`),
  KEY `idx_s_name` (`s_name`(6)),
  KEY `idx_s_username` (`s_username`),
  KEY `fk_c_country_code` (`fk_c_country_code`),
  KEY `fk_i_region_id` (`fk_i_region_id`),
  KEY `fk_i_city_id` (`fk_i_city_id`),
  KEY `fk_i_city_area_id` (`fk_i_city_area_id`),
  CONSTRAINT `oc_t_user_ibfk_1` FOREIGN KEY (`fk_c_country_code`) REFERENCES `oc_t_country` (`pk_c_code`),
  CONSTRAINT `oc_t_user_ibfk_2` FOREIGN KEY (`fk_i_region_id`) REFERENCES `oc_t_region` (`pk_i_id`),
  CONSTRAINT `oc_t_user_ibfk_3` FOREIGN KEY (`fk_i_city_id`) REFERENCES `oc_t_city` (`pk_i_id`),
  CONSTRAINT `oc_t_user_ibfk_4` FOREIGN KEY (`fk_i_city_area_id`) REFERENCES `oc_t_city_area` (`pk_i_id`)
) ENGINE=InnoDB AUTO_INCREMENT=3 DEFAULT CHARSET=utf8;

/* dumping data for table `oc_t_user` */
insert into `oc_t_user` values
(1,'2015-05-27 16:10:06','2015-05-28 16:21:06','Oana','1','$2y$15$ZDfD0cI4OZ.4XJO9x5sRge.badWV5ILKxKPNQWYRplvXKj2QtBxFK','qAl3gLG8','vld.oana@yahoo.com','','0742552928','0742552928',1,1,null,null,null,null,'Romania','','',782166,'Cluj',463603,'Cluj-Napoca',null,'Manastur',null,null,0,3,0,'2015-06-08 20:35:03','::1'),
(2,'2015-06-06 13:41:06',null,'test','test','$2y$15$7EmG/byT8pGRwqjlDnsGJebOE1ZFnw1dsbNdhryTbCBILSnrbI.hm','SwkWHTCi','test@test.com','','0378219435','',1,1,null,null,null,null,'Romania','','',null,'',null,'',null,'',null,null,0,1,0,'2015-06-06 19:14:37','::1');

/* Table structure for table `oc_t_user_description` */
CREATE TABLE IF NOT EXISTS `oc_t_user_description` (
  `fk_i_user_id` int(10) unsigned NOT NULL,
  `fk_c_locale_code` char(5) NOT NULL,
  `s_info` text,
  PRIMARY KEY (`fk_i_user_id`,`fk_c_locale_code`),
  KEY `fk_c_locale_code` (`fk_c_locale_code`),
  CONSTRAINT `oc_t_user_description_ibfk_1` FOREIGN KEY (`fk_i_user_id`) REFERENCES `oc_t_user` (`pk_i_id`),
  CONSTRAINT `oc_t_user_description_ibfk_2` FOREIGN KEY (`fk_c_locale_code`) REFERENCES `oc_t_locale` (`pk_c_code`)
) ENGINE=InnoDB DEFAULT CHARSET=utf8;

/* dumping data for table `oc_t_user_description` */
insert into `oc_t_user_description` values
(2,'en_US',''),
(2,'ro_RO','');

/* Table structure for table `oc_t_category` */
CREATE TABLE IF NOT EXISTS `oc_t_category` (
  `pk_i_id` int(10) unsigned NOT NULL AUTO_INCREMENT,
  `fk_i_parent_id` int(10) unsigned DEFAULT NULL,
  `i_expiration_days` int(3) unsigned NOT NULL DEFAULT '0',
  `i_position` int(2) unsigned NOT NULL DEFAULT '0',
  `b_enabled` tinyint(1) NOT NULL DEFAULT '1',
  `b_price_enabled` tinyint(1) NOT NULL DEFAULT '1',
  `s_icon` varchar(250) DEFAULT NULL,
  PRIMARY KEY (`pk_i_id`),
  KEY `fk_i_parent_id` (`fk_i_parent_id`),
  KEY `i_position` (`i_position`),
  CONSTRAINT `oc_t_category_ibfk_1` FOREIGN KEY (`fk_i_parent_id`) REFERENCES `oc_t_category` (`pk_i_id`)
) ENGINE=InnoDB AUTO_INCREMENT=122 DEFAULT CHARSET=utf8;

/* dumping data for table `oc_t_category` */
insert into `oc_t_category` values
(1,null,0,1,1,1,null),
(97,null,0,0,1,1,null),
(102,null,0,1,1,1,null),
(106,null,0,2,1,1,null),
(109,null,0,3,1,1,null),
(119,null,0,4,0,1,null),
(9,1,0,1,1,1,null),
(98,97,0,0,1,1,null),
(99,97,0,3,1,1,null),
(100,97,0,5,1,1,null),
(101,97,0,4,1,1,null),
(103,102,0,0,1,1,null),
(104,102,0,1,1,1,null),
(105,102,0,4,1,1,null),
(107,106,0,0,1,1,null),
(108,106,0,1,1,1,null),
(110,109,0,2,1,1,null),
(111,109,0,0,1,1,null),
(112,109,0,1,1,1,null),
(113,109,0,3,1,1,null),
(114,106,0,2,1,1,null),
(115,106,0,3,1,1,null),
(116,97,0,2,1,1,null),
(118,97,0,1,1,1,null),
(120,102,0,2,1,1,null),
(121,102,0,3,1,1,null);

/* Table structure for table `oc_t_category_description` */
CREATE TABLE IF NOT EXISTS `oc_t_category_description` (
  `fk_i_category_id` int(10) unsigned NOT NULL,
  `fk_c_locale_code` char(5) NOT NULL,
  `s_name` varchar(100) DEFAULT NULL,
  `s_description` text,
  `s_slug` varchar(100) NOT NULL,
  PRIMARY KEY (`fk_i_category_id`,`fk_c_locale_code`),
  KEY `idx_s_slug` (`s_slug`),
  KEY `fk_c_locale_code` (`fk_c_locale_code`),
  CONSTRAINT `oc_t_category_description_ibfk_1` FOREIGN KEY (`fk_i_category_id`) REFERENCES `oc_t_category` (`pk_i_id`),
  CONSTRAINT `oc_t_category_description_ibfk_2` FOREIGN KEY (`fk_c_locale_code`) REFERENCES `oc_t_locale` (`pk_c_code`)
) ENGINE=InnoDB DEFAULT CHARSET=utf8;

/* dumping data for table `oc_t_category_description` */
insert into `oc_t_category_description` values
(97,'en_US','Imbracaminte','','imbracaminte'),
(97,'ro_RO','Imbracaminte','','imbracaminte_1'),
(98,'en_US','Bluze','','bluze'),
(98,'ro_RO','Bluze','','bluze_1'),
(99,'en_US','Pantaloni','','pantaloni'),
(99,'ro_RO','Pantaloni','','pantaloni_1'),
(100,'en_US','Fuste','','fuste'),
(100,'ro_RO','Fuste','','fuste_1'),
(101,'en_US','Rochii','','rochii'),
(101,'ro_RO','Rochii','','rochii_1'),
(102,'en_US','Incaltaminte','','incaltaminte'),
(102,'ro_RO','Incaltaminte','','incaltaminte_1'),
(103,'en_US','Pantofi','','pantofi'),
(103,'ro_RO','Pantofi','','pantofi_1'),
(104,'en_US','Sandale','','sandale'),
(104,'ro_RO','Sandale','','sandale_1'),
(105,'en_US','Cizme','','cizme'),
(105,'ro_RO','Cizme','','cizme_1'),
(106,'en_US','Accesorii','','accesorii'),
(106,'ro_RO','Accesorii','','accesorii_1'),
(107,'en_US','Posete','','posete'),
(107,'ro_RO','Posete','','posete_1'),
(108,'en_US','Curele','','curele'),
(108,'ro_RO','Curele','','curele_1'),
(109,'en_US','Bijuterii','','bijuterii'),
(109,'ro_RO','Bijuterii','','bijuterii_1'),
(110,'en_US','Coliere','','coliere'),
(110,'ro_RO','Coliere','','coliere_1'),
(111,'en_US','Cercei','','cercei'),
(111,'ro_RO','Cercei','','cercei_1'),
(112,'en_US','Bratari','','bratari'),
(112,'ro_RO','Bratari','','bratari_1'),
(113,'en_US','Inele','','inele'),
(113,'ro_RO','Inele','','inele_1'),
(114,'en_US',null,'',''),
(114,'ro_RO','Esarfe','','esarfe'),
(115,'ro_RO','Ochelari','','ochelari'),
(116,'ro_RO','Tricouri','','tricouri'),
(118,'ro_RO','Camasi','','camasi'),
(119,'ro_RO','Cosmetice','','cosmetice'),
(120,'ro_RO','Balerini','','balerini'),
(121,'ro_RO','Ghete','','ghete');

/* Table structure for table `oc_t_category_stats` */
CREATE TABLE IF NOT EXISTS `oc_t_category_stats` (
  `fk_i_category_id` int(10) unsigned NOT NULL,
  `i_num_items` int(10) unsigned NOT NULL DEFAULT '0',
  PRIMARY KEY (`fk_i_category_id`),
  CONSTRAINT `oc_t_category_stats_ibfk_1` FOREIGN KEY (`fk_i_category_id`) REFERENCES `oc_t_category` (`pk_i_id`)
) ENGINE=InnoDB DEFAULT CHARSET=utf8;

/* dumping data for table `oc_t_category_stats` */
insert into `oc_t_category_stats` values
(9,0),
(97,5),
(98,0),
(99,0),
(100,3),
(101,1),
(102,0),
(103,0),
(104,0),
(105,0),
(106,0),
(107,0),
(108,0),
(109,0),
(110,0),
(111,0),
(112,0),
(113,0),
(114,0),
(115,0),
(116,0),
(118,1),
(119,0),
(120,0),
(121,0);

/* Table structure for table `oc_t_item` */
CREATE TABLE IF NOT EXISTS `oc_t_item` (
  `pk_i_id` int(10) unsigned NOT NULL AUTO_INCREMENT,
  `fk_i_user_id` int(10) unsigned DEFAULT NULL,
  `fk_i_category_id` int(10) unsigned NOT NULL,
  `dt_pub_date` datetime NOT NULL,
  `dt_mod_date` datetime DEFAULT NULL,
  `f_price` float DEFAULT NULL,
  `i_price` bigint(20) DEFAULT NULL,
  `fk_c_currency_code` char(3) DEFAULT NULL,
  `s_contact_name` varchar(100) DEFAULT NULL,
  `s_contact_email` varchar(140) NOT NULL,
  `s_ip` varchar(64) NOT NULL DEFAULT '',
  `b_premium` tinyint(1) NOT NULL DEFAULT '0',
  `b_enabled` tinyint(1) NOT NULL DEFAULT '1',
  `b_active` tinyint(1) NOT NULL DEFAULT '0',
  `b_spam` tinyint(1) NOT NULL DEFAULT '0',
  `s_secret` varchar(40) DEFAULT NULL,
  `b_show_email` tinyint(1) DEFAULT NULL,
  `dt_expiration` datetime NOT NULL DEFAULT '9999-12-31 23:59:59',
  PRIMARY KEY (`pk_i_id`),
  KEY `fk_i_user_id` (`fk_i_user_id`),
  KEY `idx_b_premium` (`b_premium`),
  KEY `idx_s_contact_email` (`s_contact_email`(10)),
  KEY `fk_i_category_id` (`fk_i_category_id`),
  KEY `fk_c_currency_code` (`fk_c_currency_code`),
  KEY `idx_pub_date` (`dt_pub_date`),
  KEY `idx_price` (`i_price`),
  CONSTRAINT `oc_t_item_ibfk_1` FOREIGN KEY (`fk_i_user_id`) REFERENCES `oc_t_user` (`pk_i_id`),
  CONSTRAINT `oc_t_item_ibfk_2` FOREIGN KEY (`fk_i_category_id`) REFERENCES `oc_t_category` (`pk_i_id`),
  CONSTRAINT `oc_t_item_ibfk_3` FOREIGN KEY (`fk_c_currency_code`) REFERENCES `oc_t_currency` (`pk_c_code`)
) ENGINE=InnoDB AUTO_INCREMENT=15 DEFAULT CHARSET=utf8;

/* dumping data for table `oc_t_item` */
insert into `oc_t_item` values
(9,1,118,'2015-05-29 17:07:48','2015-05-29 17:09:17',null,50000000,'RON','Oana','vld.oana@yahoo.com','::1',0,1,1,0,'WoPlQQZi',0,'9999-12-31 23:59:59'),
(11,null,101,'2015-06-06 11:40:24',null,null,50000000,'RON','Ana','ana@yahoo.com','::1',0,1,1,0,'ZXOgpDpU',0,'9999-12-31 23:59:59'),
(12,2,100,'2015-06-06 15:56:27','2015-06-06 15:57:48',null,10000000,'RON','test','test@test.com','::1',0,1,1,0,'IoLGms8F',0,'9999-12-31 23:59:59'),
(13,1,100,'2015-06-07 15:58:50',null,null,30000000,'RON','Oana','vld.oana@yahoo.com','::1',0,1,1,0,'UfL7LHxM',0,'9999-12-31 23:59:59'),
(14,1,100,'2015-06-07 16:05:07',null,null,20000000,'RON','Oana','vld.oana@yahoo.com','::1',0,1,1,0,'sK36QPqn',0,'9999-12-31 23:59:59');

/* Table structure for table `oc_t_item_description` */
CREATE TABLE IF NOT EXISTS `oc_t_item_description` (
  `fk_i_item_id` int(10) unsigned NOT NULL,
  `fk_c_locale_code` char(5) NOT NULL,
  `s_title` varchar(100) NOT NULL,
  `s_description` mediumtext NOT NULL,
  PRIMARY KEY (`fk_i_item_id`,`fk_c_locale_code`),
  FULLTEXT KEY `s_description` (`s_description`,`s_title`)
) ENGINE=MyISAM DEFAULT CHARSET=utf8;

/* dumping data for table `oc_t_item_description` */
insert into `oc_t_item_description` values
(9,'ro_RO','Camasa','Camasa'),
(9,'en_US','',''),
(9,'0','Camasa','Camasa'),
(14,'en_US','Fusta Mango','Mango'),
(11,'en_US','Rochie','rochie'),
(12,'en_US','Fusta','Fusta'),
(13,'en_US','Fusta','Fusta');

/* Table structure for table `oc_t_item_location` */
CREATE TABLE IF NOT EXISTS `oc_t_item_location` (
  `fk_i_item_id` int(10) unsigned NOT NULL,
  `fk_c_country_code` char(2) DEFAULT NULL,
  `s_country` varchar(40) DEFAULT NULL,
  `s_address` varchar(100) DEFAULT NULL,
  `s_zip` varchar(15) DEFAULT NULL,
  `fk_i_region_id` int(10) unsigned DEFAULT NULL,
  `s_region` varchar(100) DEFAULT NULL,
  `fk_i_city_id` int(10) unsigned DEFAULT NULL,
  `s_city` varchar(100) DEFAULT NULL,
  `fk_i_city_area_id` int(10) unsigned DEFAULT NULL,
  `s_city_area` varchar(200) DEFAULT NULL,
  `d_coord_lat` decimal(10,6) DEFAULT NULL,
  `d_coord_long` decimal(10,6) DEFAULT NULL,
  PRIMARY KEY (`fk_i_item_id`),
  KEY `fk_c_country_code` (`fk_c_country_code`),
  KEY `fk_i_region_id` (`fk_i_region_id`),
  KEY `fk_i_city_id` (`fk_i_city_id`),
  KEY `fk_i_city_area_id` (`fk_i_city_area_id`),
  CONSTRAINT `oc_t_item_location_ibfk_1` FOREIGN KEY (`fk_i_item_id`) REFERENCES `oc_t_item` (`pk_i_id`),
  CONSTRAINT `oc_t_item_location_ibfk_2` FOREIGN KEY (`fk_c_country_code`) REFERENCES `oc_t_country` (`pk_c_code`),
  CONSTRAINT `oc_t_item_location_ibfk_3` FOREIGN KEY (`fk_i_region_id`) REFERENCES `oc_t_region` (`pk_i_id`),
  CONSTRAINT `oc_t_item_location_ibfk_4` FOREIGN KEY (`fk_i_city_id`) REFERENCES `oc_t_city` (`pk_i_id`),
  CONSTRAINT `oc_t_item_location_ibfk_5` FOREIGN KEY (`fk_i_city_area_id`) REFERENCES `oc_t_city_area` (`pk_i_id`)
) ENGINE=InnoDB DEFAULT CHARSET=utf8;

/* dumping data for table `oc_t_item_location` */
insert into `oc_t_item_location` values
(9,'RO','Romania','Tasnad 17',null,782166,'Cluj',463603,'Cluj-Napoca',null,'Cluj-Napoca',null,null),
(11,'RO','Romania','',null,782166,'Cluj',463603,'Cluj-Napoca',null,'',null,null),
(12,'RO','Romania','',null,782179,'Maramures',464505,'Baia Mare',null,'',null,null),
(13,null,'','',null,782166,'Cluj',463603,'Cluj-Napoca',null,'Manastur',null,null),
(14,null,'','',null,782166,'Cluj',463603,'Cluj-Napoca',null,'Manastur',null,null);

/* Table structure for table `oc_t_item_stats` */
CREATE TABLE IF NOT EXISTS `oc_t_item_stats` (
  `fk_i_item_id` int(10) unsigned NOT NULL,
  `i_num_views` int(10) unsigned NOT NULL DEFAULT '0',
  `i_num_spam` int(10) unsigned NOT NULL DEFAULT '0',
  `i_num_repeated` int(10) unsigned NOT NULL DEFAULT '0',
  `i_num_bad_classified` int(10) unsigned NOT NULL DEFAULT '0',
  `i_num_offensive` int(10) unsigned NOT NULL DEFAULT '0',
  `i_num_expired` int(10) unsigned NOT NULL DEFAULT '0',
  `i_num_premium_views` int(10) unsigned NOT NULL DEFAULT '0',
  `dt_date` date NOT NULL,
  PRIMARY KEY (`fk_i_item_id`,`dt_date`),
  KEY `dt_date` (`dt_date`,`fk_i_item_id`),
  CONSTRAINT `oc_t_item_stats_ibfk_1` FOREIGN KEY (`fk_i_item_id`) REFERENCES `oc_t_item` (`pk_i_id`)
) ENGINE=InnoDB DEFAULT CHARSET=utf8;

/* dumping data for table `oc_t_item_stats` */
insert into `oc_t_item_stats` values
(9,0,0,0,0,0,0,0,'2015-05-29'),
(9,48,0,0,0,1,1,0,'2015-06-06'),
(11,0,0,0,0,0,0,0,'2015-06-06'),
(12,0,0,0,0,0,0,0,'2015-06-06'),
(13,0,0,0,0,0,0,0,'2015-06-07'),
(14,0,0,0,0,0,0,0,'2015-06-07');

/* Table structure for table `oc_t_item_resource` */
CREATE TABLE IF NOT EXISTS `oc_t_item_resource` (
  `pk_i_id` int(10) unsigned NOT NULL AUTO_INCREMENT,
  `fk_i_item_id` int(10) unsigned NOT NULL,
  `s_name` varchar(60) DEFAULT NULL,
  `s_extension` varchar(10) DEFAULT NULL,
  `s_content_type` varchar(40) DEFAULT NULL,
  `s_path` varchar(250) DEFAULT NULL,
  PRIMARY KEY (`pk_i_id`),
  KEY `fk_i_item_id` (`fk_i_item_id`),
  KEY `idx_s_content_type` (`pk_i_id`,`s_content_type`(10)),
  CONSTRAINT `oc_t_item_resource_ibfk_1` FOREIGN KEY (`fk_i_item_id`) REFERENCES `oc_t_item` (`pk_i_id`)
) ENGINE=InnoDB AUTO_INCREMENT=12 DEFAULT CHARSET=utf8;

/* dumping data for table `oc_t_item_resource` */
insert into `oc_t_item_resource` values
(6,9,'CoZhF3Vd','jpg','image/jpeg','oc-content/uploads/0/'),
(8,12,'ft9XBUcx','jpg','image/jpeg','oc-content/uploads/0/'),
(10,13,'GxpkfZCj','jpg','image/jpeg','oc-content/uploads/0/'),
(11,14,'AgJRExK4','jpg','image/jpeg','oc-content/uploads/0/');

/* Table structure for table `oc_t_item_comment` */
CREATE TABLE IF NOT EXISTS `oc_t_item_comment` (
  `pk_i_id` int(10) unsigned NOT NULL AUTO_INCREMENT,
  `fk_i_item_id` int(10) unsigned NOT NULL,
  `dt_pub_date` datetime NOT NULL,
  `s_title` varchar(200) NOT NULL,
  `s_author_name` varchar(100) NOT NULL,
  `s_author_email` varchar(100) NOT NULL,
  `s_body` text NOT NULL,
  `b_enabled` tinyint(1) NOT NULL DEFAULT '1',
  `b_active` tinyint(1) NOT NULL DEFAULT '0',
  `b_spam` tinyint(1) NOT NULL DEFAULT '0',
  `fk_i_user_id` int(10) unsigned DEFAULT NULL,
  PRIMARY KEY (`pk_i_id`),
  KEY `fk_i_item_id` (`fk_i_item_id`),
  KEY `fk_i_user_id` (`fk_i_user_id`),
  CONSTRAINT `oc_t_item_comment_ibfk_1` FOREIGN KEY (`fk_i_item_id`) REFERENCES `oc_t_item` (`pk_i_id`),
  CONSTRAINT `oc_t_item_comment_ibfk_2` FOREIGN KEY (`fk_i_user_id`) REFERENCES `oc_t_user` (`pk_i_id`)
) ENGINE=InnoDB AUTO_INCREMENT=2 DEFAULT CHARSET=utf8;


/* Table structure for table `oc_t_preference` */
CREATE TABLE IF NOT EXISTS `oc_t_preference` (
  `s_section` varchar(40) NOT NULL,
  `s_name` varchar(40) NOT NULL,
  `s_value` longtext NOT NULL,
  `e_type` enum('STRING','INTEGER','BOOLEAN') NOT NULL,
  UNIQUE KEY `s_section` (`s_section`,`s_name`)
) ENGINE=InnoDB DEFAULT CHARSET=utf8;

/* dumping data for table `oc_t_preference` */
insert into `oc_t_preference` values
('bender_theme','defaultShowAs@all','list','STRING'),
('bender_theme','donation','0','STRING'),
('bender_theme','footer_link','1','STRING'),
('bender_theme','keyword_placeholder','ie. PHP Programmer','STRING'),
('bender_theme','version','1.0.1','STRING'),
('facebook_connect','fbc_appId','','STRING'),
('facebook_connect','fbc_secret','','STRING'),
('modern_admin_theme','compact_mode','0','STRING'),
('osclass','active_plugins','a:7:{i:0;s:26:\"google_analytics/index.php\";i:3;s:26:\"social_bookmarks/index.php\";i:4;s:18:\"facebook/index.php\";i:5;s:21:\"breadcrumbs/index.php\";i:6;s:16:\"voting/index.php\";i:8;s:20:\"osclass-pm/index.php\";i:9;s:21:\"popular_ads/index.php\";}','STRING'),
('osclass','admin_language','en_US','STRING'),
('osclass','admin_theme','modern','STRING'),
('osclass','akismetKey','','STRING'),
('osclass','allowedExt','png,gif,jpg,jpeg','STRING'),
('osclass','allow_report_osclass','1','BOOLEAN'),
('osclass','auto_cron','1','STRING'),
('osclass','auto_update','disabled','STRING'),
('osclass','comments_per_page','10','INTEGER'),
('osclass','contactEmail','vld.oana@yahoo.com','STRING'),
('osclass','contact_attachment','0','STRING'),
('osclass','csrf_name','CSRF1469080638','STRING'),
('osclass','currency','RON','STRING'),
('osclass','dateFormat','d/m/Y','STRING'),
('osclass','defaultOrderField@search','dt_pub_date','STRING'),
('osclass','defaultOrderType@search','1','BOOLEAN'),
('osclass','defaultResultsPerPage@search','12','STRING'),
('osclass','defaultShowAs@search','gallery','STRING'),
('osclass','description_character_length','5000','STRING'),
('osclass','dimNormal','640x480','STRING'),
('osclass','dimPreview','480x340','STRING'),
('osclass','dimThumbnail','240x200','STRING'),
('osclass','enabled_comments','1','BOOLEAN'),
('osclass','enabled_recaptcha_items','1','STRING'),
('osclass','enabled_users','1','BOOLEAN'),
('osclass','enabled_user_registration','1','BOOLEAN'),
('osclass','enabled_user_validation','1','BOOLEAN'),
('osclass','enableField#f_price@items','1','STRING'),
('osclass','enableField#images@items','1','STRING'),
('osclass','force_aspect_image','0','BOOLEAN'),
('osclass','installed_plugins','a:10:{i:0;s:26:\"google_analytics/index.php\";i:1;s:21:\"google_maps/index.php\";i:2;s:18:\"minifyer/index.php\";i:3;s:26:\"social_bookmarks/index.php\";i:4;s:18:\"facebook/index.php\";i:5;s:21:\"breadcrumbs/index.php\";i:6;s:16:\"voting/index.php\";i:7;s:20:\"osclass_pm/index.php\";i:8;s:20:\"osclass-pm/index.php\";i:9;s:21:\"popular_ads/index.php\";}','STRING'),
('osclass','items_wait_time','0','STRING'),
('osclass','item_attachment','1','STRING'),
('osclass','keep_original_image','1','BOOLEAN'),
('osclass','language','ro_RO','STRING'),
('osclass','languages_downloaded','[\"en_US\",\"ro_RO\"]','STRING'),
('osclass','languages_last_version_check','1433794501','STRING'),
('osclass','languages_to_update','[]','STRING'),
('osclass','languages_update_count','0','STRING'),
('osclass','last_version_check','1433794499','STRING'),
('osclass','logged_user_item_validation','0','STRING'),
('osclass','mailserver_auth','','BOOLEAN'),
('osclass','mailserver_host','localhost','STRING'),
('osclass','mailserver_mail_from','','STRING'),
('osclass','mailserver_name_from','','STRING'),
('osclass','mailserver_password','','STRING'),
('osclass','mailserver_pop','','BOOLEAN'),
('osclass','mailserver_port','','INTEGER'),
('osclass','mailserver_ssl','','STRING'),
('osclass','mailserver_type','custom','STRING'),
('osclass','mailserver_username','','STRING'),
('osclass','marketAllowExternalSources','0','STRING'),
('osclass','marketAPIConnect','','STRING'),
('osclass','marketCategories','{\"languages\":{\"value\":\"98\",\"label\":\"Languages\",\"categories\":[]},\"plugins\":{\"value\":\"97\",\"label\":\"Plugins\",\"categories\":[{\"value\":\"103\",\"label\":\"Ad management\",\"categories\":[]},{\"value\":\"132\",\"label\":\"Appearance\",\"categories\":[]},{\"value\":\"105\",\"label\":\"Analytics\",\"categories\":[]},{\"value\":\"130\",\"label\":\"Attributes\",\"categories\":[]},{\"value\":\"106\",\"label\":\"Counters\",\"categories\":[]},{\"value\":\"107\",\"label\":\"Cloud tools\",\"categories\":[]},{\"value\":\"110\",\"label\":\"DB tools\",\"categories\":[]},{\"value\":\"112\",\"label\":\"E-mail\",\"categories\":[]},{\"value\":\"115\",\"label\":\"Maps\",\"categories\":[]},{\"value\":\"116\",\"label\":\"Mobile\",\"categories\":[]},{\"value\":\"117\",\"label\":\"Messaging\",\"categories\":[]},{\"value\":\"119\",\"label\":\"Reviews &amp; Ratings\",\"categories\":[]},{\"value\":\"134\",\"label\":\"Search tools\",\"categories\":[]},{\"value\":\"121\",\"label\":\"User Management\",\"categories\":[]},{\"value\":\"122\",\"label\":\"Payments\",\"categories\":[]},{\"value\":\"124\",\"label\":\"Text processing \\/ WYSIWYG Editors\",\"categories\":[]},{\"value\":\"125\",\"label\":\"Video \\/ Audio\",\"categories\":[]},{\"value\":\"126\",\"label\":\"Social Networks\",\"categories\":[]},{\"value\":\"127\",\"label\":\"SEO\",\"categories\":[]},{\"value\":\"133\",\"label\":\"Security\",\"categories\":[]},{\"value\":\"128\",\"label\":\"Miscellaneous\",\"categories\":[]}]},\"themes\":{\"value\":\"96\",\"label\":\"Themes\",\"categories\":[{\"value\":\"102\",\"label\":\"General\",\"categories\":[]},{\"value\":\"100\",\"label\":\"Jobs\",\"categories\":[]},{\"value\":\"101\",\"label\":\"Real estate\",\"categories\":[]}]}}','STRING'),
('osclass','marketDataUpdate','1433613087','STRING'),
('osclass','marketURL','http://market.osclass.org/api/v2/','STRING'),
('osclass','maxLatestItems@home','4','STRING'),
('osclass','maxResultsPerPage@search','50','INTEGER'),
('osclass','maxSizeKb','2048','INTEGER'),
('osclass','moderate_comments','0','INTEGER'),
('osclass','moderate_items','-1','STRING'),
('osclass','mod_rewrite_loaded','0','BOOLEAN'),
('osclass','notify_contact_friends','1','STRING'),
('osclass','notify_contact_item','1','STRING'),
('osclass','notify_new_comment','1','BOOLEAN'),
('osclass','notify_new_comment_user','0','BOOLEAN'),
('osclass','notify_new_item','1','STRING'),
('osclass','notify_new_user','1','BOOLEAN'),
('osclass','numImages@items','4','STRING'),
('osclass','num_rss_items','50','STRING'),
('osclass','osclass_installed','1','BOOLEAN'),
('osclass','pageDesc','','STRING'),
('osclass','pageTitle','Closet Share','STRING'),
('osclass','ping_search_engines','1','BOOLEAN'),
('osclass','plugins_downloaded','[\"breadcrumbs\",\"facebook-connect\",\"http:\\/\\/www.osclass.org\\/files\\/plugins\\/google_analytics\\/update.php\",\"\",\"social-bookmarks\",\"voting\",\"http:\\/\\/www.osclass.org\\/files\\/plugins\\/google_maps\\/update.php\",\"minifyer\",\"\",\"extra-feeds\",\"http:\\/\\/plugins-zone.com\\/freichat\"]','STRING'),
('osclass','plugins_last_version_check','1433794500','STRING'),
('osclass','plugins_to_update','[]','STRING'),
('osclass','plugins_update_count','0','STRING'),
('osclass','purge_latest_searches','1000','STRING'),
('osclass','recaptchaPrivKey','','STRING'),
('osclass','recaptchaPubKey','','STRING'),
('osclass','reg_user_can_contact','0','STRING'),
('osclass','reg_user_post','0','STRING'),
('osclass','reg_user_post_comments','0','BOOLEAN'),
('osclass','rewriteEnabled','0','BOOLEAN'),
('osclass','rewrite_cat_url','{CATEGORIES}','STRING'),
('osclass','rewrite_contact','contact','STRING'),
('osclass','rewrite_feed','feed','STRING'),
('osclass','rewrite_item_activate','item/activate','STRING'),
('osclass','rewrite_item_contact','item/contact','STRING'),
('osclass','rewrite_item_delete','item/delete','STRING'),
('osclass','rewrite_item_edit','item/edit','STRING'),
('osclass','rewrite_item_mark','item/mark','STRING'),
('osclass','rewrite_item_new','item/new','STRING'),
('osclass','rewrite_item_resource_delete','resource/delete','STRING'),
('osclass','rewrite_item_send_friend','item/send-friend','STRING'),
('osclass','rewrite_item_url','{CATEGORIES}/{ITEM_TITLE}_i{ITEM_ID}','STRING'),
('osclass','rewrite_language','language','STRING'),
('osclass','rewrite_page_url','{PAGE_SLUG}-p{PAGE_ID}','STRING'),
('osclass','rewrite_rules','','STRING'),
('osclass','rewrite_search_category','category','STRING'),
('osclass','rewrite_search_city','city','STRING'),
('osclass','rewrite_search_city_area','cityarea','STRING'),
('osclass','rewrite_search_country','country','STRING'),
('osclass','rewrite_search_pattern','pattern','STRING'),
('osclass','rewrite_search_region','region','STRING'),
('osclass','rewrite_search_url','search','STRING'),
('osclass','rewrite_search_user','user','STRING'),
('osclass','rewrite_user_activate','user/activate','STRING'),
('osclass','rewrite_user_activate_alert','alert/confirm','STRING'),
('osclass','rewrite_user_alerts','user/alerts','STRING'),
('osclass','rewrite_user_change_email','email/change','STRING'),
('osclass','rewrite_user_change_email_confirm','email/confirm','STRING'),
('osclass','rewrite_user_change_password','password/change','STRING'),
('osclass','rewrite_user_change_username','username/change','STRING'),
('osclass','rewrite_user_dashboard','user/dashboard','STRING'),
('osclass','rewrite_user_forgot','user/forgot','STRING'),
('osclass','rewrite_user_items','user/items','STRING'),
('osclass','rewrite_user_login','user/login','STRING'),
('osclass','rewrite_user_logout','user/logout','STRING'),
('osclass','rewrite_user_profile','user/profile','STRING'),
('osclass','rewrite_user_recover','user/recover','STRING'),
('osclass','rewrite_user_register','user/register','STRING'),
('osclass','save_latest_searches','1','STRING'),
('osclass','selectable_parent_categories','','STRING'),
('osclass','seo_url_search_prefix','','STRING'),
('osclass','subdomain_host','','STRING'),
('osclass','subdomain_type','','STRING'),
('osclass','theme','osclasswizards','STRING'),
('osclass','themes_downloaded','[\"bender\",\"osclasswizards-free-responsive-theme\"]','STRING'),
('osclass','themes_last_version_check','1433794502','STRING'),
('osclass','themes_to_update','[\"osclasswizards\"]','STRING'),
('osclass','themes_update_count','1','STRING'),
('osclass','timeFormat','g:i A','STRING'),
('osclass','timezone','Europe/Bucharest','STRING'),
('osclass','title_character_length','100','STRING'),
('osclass','update_core_json','','STRING'),
('osclass','username_blacklist','admin,user','STRING'),
('osclass','use_imagick','0','BOOLEAN'),
('osclass','version','357','INTEGER'),
('osclass','warn_expiration','0','STRING'),
('osclass','watermark_image','','STRING'),
('osclass','watermark_place','centre','STRING'),
('osclass','watermark_text','','STRING'),
('osclass','watermark_text_color','','STRING'),
('osclass','weekStart','1','STRING'),
('osclasswizards_theme','defaultShowAs@all','gallery','STRING'),
('osclasswizards_theme','donation','0','STRING'),
('osclasswizards_theme','footer_link','0','STRING'),
('osclasswizards_theme','homeimage','homeimage.jpg','STRING'),
('osclasswizards_theme','keyword_placeholder','ex: Rochie lunga','STRING'),
('osclasswizards_theme','logo','osclasswizards_logo.png','STRING'),
('osclasswizards_theme','rtl_view','0','STRING'),
('osclasswizards_theme','version','1.0.7','STRING'),
('osclasswizards_theme','welcome_message','Bine ai venit','STRING'),
('plugin-osclass_pm','deletePM','3','INTEGER'),
('plugin-osclass_pm','maxPMs','100','INTEGER'),
('plugin-osclass_pm','pmAdmin','Admin','STRING'),
('plugin-osclass_pm','pmBlocking','1','INTEGER'),
('plugin-osclass_pm','pmDrafts','0','INTEGER'),
('plugin-osclass_pm','pmSent','1','INTEGER'),
('plugin-osclass_pm','sendEmail','1','INTEGER'),
('plugin-popular_ads','popularads_num_ads','4','INTEGER'),
('voting','item_voting','1','BOOLEAN'),
('voting','open','1','BOOLEAN'),
('voting','user','0','BOOLEAN'),
('voting','user_voting','1','BOOLEAN');

/* Table structure for table `oc_t_pages` */
CREATE TABLE IF NOT EXISTS `oc_t_pages` (
  `pk_i_id` int(10) unsigned NOT NULL AUTO_INCREMENT,
  `s_internal_name` varchar(50) DEFAULT NULL,
  `b_indelible` tinyint(1) NOT NULL DEFAULT '0',
  `b_link` tinyint(1) NOT NULL DEFAULT '1',
  `dt_pub_date` datetime NOT NULL,
  `dt_mod_date` datetime DEFAULT NULL,
  `i_order` int(3) NOT NULL DEFAULT '0',
  `s_meta` text,
  PRIMARY KEY (`pk_i_id`)
) ENGINE=InnoDB AUTO_INCREMENT=27 DEFAULT CHARSET=utf8;

/* dumping data for table `oc_t_pages` */
insert into `oc_t_pages` values
(1,'email_item_inquiry',1,1,'2015-05-27 11:13:44',null,0,null),
(2,'email_user_validation',1,1,'2015-05-27 11:13:44',null,0,null),
(3,'email_user_registration',1,1,'2015-05-27 11:13:44',null,0,null),
(4,'email_send_friend',1,1,'2015-05-27 11:13:44',null,0,null),
(5,'alert_email_hourly',1,1,'2015-05-27 11:13:44',null,0,null),
(6,'alert_email_daily',1,1,'2015-05-27 11:13:44',null,0,null),
(7,'alert_email_weekly',1,1,'2015-05-27 11:13:44',null,0,null),
(8,'alert_email_instant',1,1,'2015-05-27 11:13:44',null,0,null),
(9,'email_new_comment_admin',1,1,'2015-05-27 11:13:44',null,0,null),
(10,'email_new_item_non_register_user',1,1,'2015-05-27 11:13:44',null,0,null),
(11,'email_item_validation',1,1,'2015-05-27 11:13:44',null,0,null),
(12,'email_admin_new_item',1,1,'2015-05-27 11:13:44',null,0,null),
(13,'email_user_forgot_password',1,1,'2015-05-27 11:13:44',null,0,null),
(14,'email_new_email',1,1,'2015-05-27 11:13:44',null,0,null),
(15,'email_alert_validation',1,1,'2015-05-27 11:13:44',null,0,null),
(16,'email_comment_validated',1,1,'2015-05-27 11:13:44',null,0,null),
(17,'email_item_validation_non_register_user',1,1,'2015-05-27 11:13:44',null,0,null),
(18,'email_admin_new_user',1,1,'2015-05-27 11:13:44',null,0,null),
(19,'email_contact_user',1,1,'2015-05-27 11:13:44',null,0,null),
(20,'email_new_comment_user',1,1,'2015-05-27 11:13:44',null,0,null),
(21,'email_new_admin',1,1,'2015-05-27 11:13:45',null,0,null),
(22,'email_warn_expiration',1,1,'2015-05-27 11:13:45',null,0,null),
(23,'example_page',0,0,'2015-05-27 12:13:50','2015-05-27 12:13:50',1,'\"\"'),
(25,'email_PM_alert',1,1,'2015-06-06 00:00:00',null,0,null),
(26,'email_PM_alert',1,1,'2015-06-06 00:00:00',null,0,null);

/* Table structure for table `oc_t_pages_description` */
CREATE TABLE IF NOT EXISTS `oc_t_pages_description` (
  `fk_i_pages_id` int(10) unsigned NOT NULL,
  `fk_c_locale_code` char(5) NOT NULL,
  `s_title` varchar(255) NOT NULL,
  `s_text` text,
  PRIMARY KEY (`fk_i_pages_id`,`fk_c_locale_code`),
  KEY `fk_c_locale_code` (`fk_c_locale_code`),
  CONSTRAINT `oc_t_pages_description_ibfk_1` FOREIGN KEY (`fk_i_pages_id`) REFERENCES `oc_t_pages` (`pk_i_id`),
  CONSTRAINT `oc_t_pages_description_ibfk_2` FOREIGN KEY (`fk_c_locale_code`) REFERENCES `oc_t_locale` (`pk_c_code`)
) ENGINE=InnoDB DEFAULT CHARSET=utf8;

/* dumping data for table `oc_t_pages_description` */
insert into `oc_t_pages_description` values
(1,'en_US','{WEB_TITLE} - Someone has a question about your listing','<p>Hi {CONTACT_NAME}!</p><p>{USER_NAME} ({USER_EMAIL}, {USER_PHONE}) left you a message about your listing <a href=\"{ITEM_URL}\">{ITEM_TITLE}</a>:</p><p>{COMMENT}</p><p>Regards,</p><p>{WEB_LINK}</p>'),
(1,'ro_RO','{WEB_TITLE} - Un utilizator a adugat o ntrebare despre anunul tu','<p>Bun {CONTACT_NAME}!</p><p>{USER_NAME} ({USER_EMAIL}, {USER_PHONE}) i-a lsat un mesaj despre anunul tu <a href=\"{ITEM_URL}\">{ITEM_TITLE}</a>:</p><p>{COMMENT}</p><p>Echipa,</p><p>{WEB_LINK}</p>'),
(2,'en_US','Please validate your {WEB_TITLE} account','<p>Hi {USER_NAME},</p><p>Please validate your registration by clicking on the following link: {VALIDATION_LINK}</p><p>Thank you!</p><p>Regards,</p><p>{WEB_LINK}</p>'),
(2,'ro_RO','Te rugm s validezi contul pe {WEB_TITLE}','<p>Bun {USER_NAME},</p><p>Te rugm s confirmi nregistrarea dnd click pe: {VALIDATION_LINK}</p><p>Mulumim!</p><p>Echipa,</p><p>{WEB_LINK}</p>'),
(3,'en_US','{WEB_TITLE} - Registration successful!','<p>Hi {USER_NAME},</p><p>You\'ve successfully registered for {WEB_LINK}.</p><p>Thank you!</p><p>Regards,</p><p>{WEB_LINK}</p>'),
(3,'ro_RO','{WEB_TITLE} - nregistrare cu succes!','<p>Hi {USER_NAME},</p><p>You\'ve successfully registered for {WEB_LINK}.</p><p>Thank you!</p><p>Regards,</p><p>{WEB_LINK}</p>'),
(4,'en_US','Look at what I discovered on {WEB_TITLE}','<p>Hi {FRIEND_NAME},</p><p>Your friend {USER_NAME} wants to share this listing with you <a href=\"{ITEM_URL}\">{ITEM_TITLE}</a>.</p><p>Message:</p><p>{COMMENT}</p><p>Regards,</p><p>{WEB_TITLE}</p>'),
(4,'ro_RO','Uite ce am gsit pe {WEB_TITLE}','<p>Bun {FRIEND_NAME},</p><p>Prietenul tu {USER_NAME} vrea s i arate acest anun <a href=\"{ITEM_URL}\">{ITEM_TITLE}</a>.</p><p>Mesaj:</p><p>{COMMENT}</p><p>Echipa,</p><p>{WEB_TITLE}</p>'),
(5,'en_US','{WEB_TITLE} - New listings in the last hour','<p>Hi {USER_NAME},</p><p>New listings have been published in the last hour. Take a look at them:</p><p>{ADS}</p><p>-------------</p><p>To unsubscribe from this alert, click on: {UNSUB_LINK}</p><p>{WEB_LINK}</p>'),
(5,'ro_RO','{WEB_TITLE} - Anun nou in the last hour','<p>Bun {USER_NAME},</p><p>Au fost publicate anunuri noi n ultima or. Le poi vedea aici:</p><p>{ADS}</p><p>-------------</p><p>Pentru a te dezabona de la aceast alert, click pe: {UNSUB_LINK}</p><p>{WEB_LINK}</p>'),
(6,'en_US','{WEB_TITLE} - New listings in the last day','<p>Hi {USER_NAME},</p><p>New listings have been published in the last day. Take a look at them:</p><p>{ADS}</p><p>-------------</p><p>To unsubscribe from this alert, click on: {UNSUB_LINK}</p><p>{WEB_LINK}</p>'),
(6,'ro_RO','{WEB_TITLE} - Anun nou in the last day','<p>Bun {USER_NAME},</p><p> Astzi au fost publicate anunuri noi. Le poi vedea aici:</p><p>{ADS}</p><p>-------------</p><p> Pentru a te dezabona de la aceast alert, click pe: {UNSUB_LINK}</p><p>{WEB_LINK}</p>'),
(7,'en_US','{WEB_TITLE} - New listings in the last week','<p>Hi {USER_NAME},</p><p>New listings have been published in the last week. Take a look at them:</p><p>{ADS}</p><p>-------------</p><p>To unsubscribe from this alert, click on: {UNSUB_LINK}</p><p>{WEB_LINK}</p>'),
(7,'ro_RO','{WEB_TITLE} - Anun nou in the last week','<p>Bun {USER_NAME},</p><p>Au fost publicate anunuri noi n ultima sptmn. Le poi vedea aici :</p><p>{ADS}</p><p>-------------</p><p>Pentru a te dezabona de la aceast alert, click pe: {UNSUB_LINK}</p><p>{WEB_LINK}</p>'),
(8,'en_US','{WEB_TITLE} - New listings','<p>Hi {USER_NAME},</p><p>A new listing has been published, check it out!</p><p>{ADS}</p><p>-------------</p><p>To unsubscribe from this alert, click on: {UNSUB_LINK}</p><p>{WEB_LINK}</p>'),
(8,'ro_RO','{WEB_TITLE} - Anun nou','<p>Bun {USER_NAME},</p><p>A fost publicat un anun nou!</p><p>{ADS}</p><p>-------------</p><p>Pentru a te dezabona de la aceast alert, click pe: {UNSUB_LINK}</p><p>{WEB_LINK}</p>'),
(9,'en_US','{WEB_TITLE} - New comment','<p>Someone commented on the listing <a href=\"{ITEM_URL}\">{ITEM_TITLE}</a>.</p><p>Commenter: {COMMENT_AUTHOR}<br />Commenter\'s email: {COMMENT_EMAIL}<br />Title: {COMMENT_TITLE}<br />Comment: {COMMENT_TEXT}</p>'),
(9,'ro_RO','{WEB_TITLE} - Comentariu nou','<p>Someone commented on the listing <a href=\"{ITEM_URL}\">{ITEM_TITLE}</a>.</p><p>Commenter: {COMMENT_AUTHOR}<br />Commenter\'s email: {COMMENT_EMAIL}<br />Title: {COMMENT_TITLE}<br />Comment: {COMMENT_TEXT}</p>'),
(10,'en_US','{WEB_TITLE} - Edit options for the listing {ITEM_TITLE}','<p>Hi {USER_NAME},</p><p>You\'re not registered at {WEB_LINK}, but you can still edit or delete the listing <a href=\"{ITEM_URL}\">{ITEM_TITLE}</a> for a short period of time.</p><p>You can edit your listing by following this link: {EDIT_LINK}</p><p>You can delete your listing by following this link: {DELETE_LINK}</p><p>If you register as a user, you will have full access to editing options.</p><p>Regards,</p><p>{WEB_LINK}</p>'),
(10,'ro_RO','{WEB_TITLE} - Opiuni de editare pentru anunul {ITEM_TITLE}','<p>Hi {USER_NAME},</p><p>You\'re not registered at {WEB_LINK}, but you can still edit or delete the listing <a href=\"{ITEM_URL}\">{ITEM_TITLE}</a> for a short period of time.</p><p>You can edit your listing by following this link: {EDIT_LINK}</p><p>You can delete your listing by following this link: {DELETE_LINK}</p><p>If you register as a user, you will have full access to editing options.</p><p>Regards,</p><p>{WEB_LINK}</p>'),
(11,'en_US','{WEB_TITLE} - Validate your listing','<p>Hi {USER_NAME},</p><p>You\'re receiving this e-mail because a listing has been published at {WEB_LINK}. Please validate this listing by clicking on the following link: {VALIDATION_LINK}. If you didn\'t publish this listing, please ignore this email.</p><p>Listing details:</p><p>Contact name: {USER_NAME}<br />Contact e-mail: {USER_EMAIL}</p><p>{ITEM_DESCRIPTION}</p><p>Url: {ITEM_URL}</p><p>Regards,</p><p>{WEB_LINK}</p>'),
(11,'ro_RO','{WEB_TITLE} - Valideaz anunul','<p>Hi {USER_NAME},</p><p>You\'re receiving this e-mail because a listing has been published at {WEB_LINK}. Please validate this listing by clicking on the following link: {VALIDATION_LINK}. If you didn\'t publish this listing, please ignore this email.</p><p>Listing details:</p><p>Contact name: {USER_NAME}<br />Contact e-mail: {USER_EMAIL}</p><p>{ITEM_DESCRIPTION}</p><p>Url: {ITEM_URL}</p><p>Regards,</p><p>{WEB_LINK}</p>'),
(12,'en_US','{WEB_TITLE} - A new listing has been published','<p>Dear {WEB_TITLE} admin,</p><p>You\'re receiving this email because a listing has been published at {WEB_LINK}.</p><p>Listing details:</p><p>Contact name: {USER_NAME}<br />Contact email: {USER_EMAIL}</p><p>{ITEM_DESCRIPTION}</p><p>Url: {ITEM_URL}</p><p>You can edit this listing by clicking on the following link: {EDIT_LINK}</p><p>Regards,</p><p>{WEB_LINK}</p>'),
(12,'ro_RO','{WEB_TITLE} - A fost publicat un anun nou','<p>Dear {WEB_TITLE} admin,</p><p>You\'re receiving this email because a listing has been published at {WEB_LINK}.</p><p>Listing details:</p><p>Contact name: {USER_NAME}<br />Contact email: {USER_EMAIL}</p><p>{ITEM_DESCRIPTION}</p><p>Url: {ITEM_URL}</p><p>You can edit this listing by clicking on the following link: {EDIT_LINK}</p><p>Regards,</p><p>{WEB_LINK}</p>'),
(13,'en_US','{WEB_TITLE} - Recover your password','<p>Hi {USER_NAME},</p><p>We\'ve sent you this e-mail because you\'ve requested a password reminder. Follow this link to recover it: {PASSWORD_LINK}</p><p>The link will be deactivated in 24 hours.</p><p>If you didn\'t request a password reminder, please ignore this message. This request was made from IP {IP_ADDRESS} on {DATE_TIME}</p><p>Regards,</p><p>{WEB_LINK}</p>'),
(13,'ro_RO','{WEB_TITLE} - Recuperare parol','<p>Hi {USER_NAME},</p><p>We\'ve sent you this e-mail because you\'ve requested a password reminder. Follow this link to recover it: {PASSWORD_LINK}</p><p>The link will be deactivated in 24 hours.</p><p>If you didn\'t request a password reminder, please ignore this message. This request was made from IP {IP_ADDRESS} on {DATE_TIME}</p><p>Regards,</p><p>{WEB_LINK}</p>'),
(14,'en_US','{WEB_TITLE} - You requested an email change','<p>Hi {USER_NAME}</p><p>You\'re receiving this e-mail because you requested an e-mail change. Please confirm this new e-mail address by clicking on the following validation link: {VALIDATION_LINK}</p><p>Regards,</p><p>{WEB_LINK}</p>'),
(14,'ro_RO','{WEB_TITLE} - Ai solicitat modificarea adresei de e-mail','<p>Hi {USER_NAME}</p><p>You\'re receiving this e-mail because you requested an e-mail change. Please confirm this new e-mail address by clicking on the following validation link: {VALIDATION_LINK}</p><p>Regards,</p><p>{WEB_LINK}</p>'),
(15,'en_US','{WEB_TITLE} - Please validate your alert','<p>Hi {USER_NAME},</p><p>Please validate your alert registration by clicking on the following link: {VALIDATION_LINK}</p><p>Thank you!</p><p>Regards,</p><p>{WEB_LINK}</p>'),
(15,'ro_RO','{WEB_TITLE} - Te rugm s validezi alerta','<p>Bun {USER_NAME},</p><p>Te rugm s confirmi nregistrarea dnd click pe urmtorul link: {VALIDATION_LINK}</p><p>Mulumim!</p><p>Echipa,</p><p>{WEB_LINK}</p>'),
(16,'en_US','{WEB_TITLE} - Your comment has been approved','<p>Hi {COMMENT_AUTHOR},</p><p>Your comment on <a href=\"{ITEM_URL}\">{ITEM_TITLE}</a> has been approved.</p><p>Regards,</p><p>{WEB_LINK}</p>'),
(16,'ro_RO','{WEB_TITLE} - Comentariul tu a fost aprobat',' 	<p>Buna{COMMENT_AUTHOR},</p><p>Comentariul dvs.  <a href=\"{ITEM_URL}\">{ITEM_TITLE}</a> a fost aprobat.</p><p>Cu stima,</p><p>{WEB_LINK}</p> '),
(17,'en_US','{WEB_TITLE} - Validate your listing','<p>Hi {USER_NAME},</p><p>You\'re receiving this e-mail because youve published a listing at {WEB_LINK}. Please validate this listing by clicking on the following link: {VALIDATION_LINK}. If you didn\'t publish this listing, please ignore this e-mail.</p><p>Listing details:</p><p>Contact name: {USER_NAME}<br />Contact e-mail: {USER_EMAIL}</p><p>{ITEM_DESCRIPTION}</p><p>Url: {ITEM_URL}</p><p>Even if you\'re not registered at {WEB_LINK}, you can still edit or delete your listing:</p><p>You can edit your listing by following this link: {EDIT_LINK}</p><p>You can delete your listing by following this link: {DELETE_LINK}</p><p>Regards,</p><p>{WEB_LINK}</p>'),
(17,'ro_RO','{WEB_TITLE} - Valideaz anunul','<p>Hi {USER_NAME},</p><p>You\'re receiving this e-mail because youve published a listing at {WEB_LINK}. Please validate this listing by clicking on the following link: {VALIDATION_LINK}. If you didn\'t publish this listing, please ignore this e-mail.</p><p>Listing details:</p><p>Contact name: {USER_NAME}<br />Contact e-mail: {USER_EMAIL}</p><p>{ITEM_DESCRIPTION}</p><p>Url: {ITEM_URL}</p><p>Even if you\'re not registered at {WEB_LINK}, you can still edit or delete your listing:</p><p>You can edit your listing by following this link: {EDIT_LINK}</p><p>You can delete your listing by following this link: {DELETE_LINK}</p><p>Regards,</p><p>{WEB_LINK}</p>'),
(18,'en_US','{WEB_TITLE} - A new user has registered','<p>Dear {WEB_TITLE} admin,</p><p>You\'re receiving this email because a new user has been created at {WEB_LINK}.</p><p>User details:</p><p>Name: {USER_NAME}<br />E-mail: {USER_EMAIL}</p><p>Regards,</p><p>{WEB_LINK}</p>'),
(18,'ro_RO','{WEB_TITLE} - S-a nregistrat un utilizator nou','<p>Dear {WEB_TITLE} admin,</p><p>You\'re receiving this email because a new user has been created at {WEB_LINK}.</p><p>User details:</p><p>Name: {USER_NAME}<br />E-mail: {USER_EMAIL}</p><p>Regards,</p><p>{WEB_LINK}</p>'),
(19,'en_US','{WEB_TITLE} - Someone has a question for you','<p>Hi {CONTACT_NAME}!</p><p>{USER_NAME} ({USER_EMAIL}, {USER_PHONE}) left you a message:</p><p>{COMMENT}</p><p>Regards,</p><p>{WEB_LINK}</p>'),
(19,'ro_RO','{WEB_TITLE} - Un utilizator are o ntrebare pentru tine','<p>Bun {CONTACT_NAME}!</p><p>{USER_NAME} ({USER_EMAIL}, {USER_PHONE}) i-a lsat un mesaj:</p><p>{COMMENT}</p><p>Echipa,</p><p>{WEB_LINK}</p>'),
(20,'en_US','{WEB_TITLE} - Someone has commented on your listing','<p>There\'s a new comment on the listing: <a href=\"{ITEM_URL}\">{ITEM_TITLE}</a>.</p><p>Author: {COMMENT_AUTHOR}<br />Author\'s email: {COMMENT_EMAIL}<br />Title: {COMMENT_TITLE}<br />Comment: {COMMENT_TEXT}</p><p>{WEB_LINK}</p>'),
(20,'ro_RO','{WEB_TITLE} - Cineva a adugat un comentariu la anunul tu','<p>There\'s a new comment on the listing: <a href=\"{ITEM_URL}\">{ITEM_TITLE}</a>.</p><p>Author: {COMMENT_AUTHOR}<br />Author\'s email: {COMMENT_EMAIL}<br />Title: {COMMENT_TITLE}<br />Comment: {COMMENT_TEXT}</p><p>{WEB_LINK}</p>'),
(21,'en_US','{WEB_TITLE} - Success creating admin account!','<p>Hi {ADMIN_NAME},</p><p>The admin of {WEB_LINK} has created an account for you,</p><ul><li>Username: {USERNAME}</li><li>Password: {PASSWORD}</li></ul><p>You can access the admin panel here {WEB_ADMIN_LINK}.</p><p>Thank you!</p><p>Regards,</p>'),
(21,'ro_RO','{WEB_TITLE} - Crearea contului de admin a fost cu succes!','<p>Salutare {ADMIN_NAME},</p><p>Administratorul site-ului {WEB_LINK} a creat un cont pentru tine,</p><ul><li>Nume utilizator: {USERNAME}</li><li>Parol: {PASSWORD}</li></ul><p>Poi accesa panoul de administrare aici: {WEB_ADMIN_LINK}.</p><p>i mulumim!</p><p>S auzim numai de bine,</p>'),
(22,'en_US','{WEB_TITLE} - Your ad is about to expire','<p>Hi {USER_NAME},</p><p>Your listing <a href=\"{ITEM_URL}\">{ITEM_TITLE}</a> is about to expire at {WEB_LINK}.'),
(22,'ro_RO','{WEB_TITLE} - Anunul tu va expira n curnd','<p>Salutare {USER_NAME},</p><p>Anunul tu <a href=\"{ITEM_URL}\">{ITEM_TITLE}</a> de pe {WEB_LINK} va expira n curnd.'),
(23,'en_US','Example page title','This is an example page description. This is a good place to put your Terms of Service or any other help information.'),
(25,'en_US','{WEB_TITLE} - You just received a PM from {SENDER_NAME}.','<p>Hello {RECIP_NAME}!</p>\r\n<p> </p>\r\n<p>{SENDER_NAME} sent you a private message.</p>\r\n<p>Private message is:</p>\r\n<p>{PM_SUBJECT}</p>\r\n<p>{PM_MESSAGE}</P>\r\n<p>Reply to message: {PM_URL}</p>\r\n<pDont answer to this message,it is automatic.</p>\r\n<p> </p>\r\n<p>Thank you</p>\r\n<p>{WEB_TITLE}</p>'),
(25,'ro_RO','{WEB_TITLE} - You just received a PM from {SENDER_NAME}.','<p>Hello {RECIP_NAME}!</p>\r\n<p> </p>\r\n<p>{SENDER_NAME} sent you a private message.</p>\r\n<p>Private message is:</p>\r\n<p>{PM_SUBJECT}</p>\r\n<p>{PM_MESSAGE}</P>\r\n<p>Reply to message: {PM_URL}</p>\r\n<pDont answer to this message,it is automatic.</p>\r\n<p> </p>\r\n<p>Thank you</p>\r\n<p>{WEB_TITLE}</p>');

/* Table structure for table `oc_t_plugin_category` */
CREATE TABLE IF NOT EXISTS `oc_t_plugin_category` (
  `s_plugin_name` varchar(40) NOT NULL,
  `fk_i_category_id` int(10) unsigned NOT NULL,
  KEY `fk_i_category_id` (`fk_i_category_id`),
  CONSTRAINT `oc_t_plugin_category_ibfk_1` FOREIGN KEY (`fk_i_category_id`) REFERENCES `oc_t_category` (`pk_i_id`)
) ENGINE=InnoDB DEFAULT CHARSET=utf8;

/* dumping data for table `oc_t_plugin_category` */
insert into `oc_t_plugin_category` values
('voting',97),
('voting',98),
('voting',99),
('voting',101),
('voting',100),
('voting',102),
('voting',104),
('voting',103),
('voting',105),
('voting',106),
('voting',108),
('voting',107),
('voting',109),
('voting',111),
('voting',112),
('voting',110),
('voting',113);

/* Table structure for table `oc_t_cron` */
CREATE TABLE IF NOT EXISTS `oc_t_cron` (
  `e_type` enum('INSTANT','HOURLY','DAILY','WEEKLY','CUSTOM') NOT NULL,
  `d_last_exec` datetime NOT NULL,
  `d_next_exec` datetime NOT NULL
) ENGINE=InnoDB DEFAULT CHARSET=utf8;

/* dumping data for table `oc_t_cron` */
insert into `oc_t_cron` values
('HOURLY','0000-00-00 00:00:00','0000-00-00 00:00:00'),
('DAILY','0000-00-00 00:00:00','0000-00-00 00:00:00'),
('WEEKLY','0000-00-00 00:00:00','0000-00-00 00:00:00');

/* Table structure for table `oc_t_alerts` */
CREATE TABLE IF NOT EXISTS `oc_t_alerts` (
  `pk_i_id` int(10) unsigned NOT NULL AUTO_INCREMENT,
  `s_email` varchar(100) DEFAULT NULL,
  `fk_i_user_id` int(10) unsigned DEFAULT NULL,
  `s_search` longtext,
  `s_secret` varchar(40) DEFAULT NULL,
  `b_active` tinyint(1) NOT NULL DEFAULT '0',
  `e_type` enum('INSTANT','HOURLY','DAILY','WEEKLY','CUSTOM') NOT NULL,
  `dt_date` datetime DEFAULT NULL,
  `dt_unsub_date` datetime DEFAULT NULL,
  PRIMARY KEY (`pk_i_id`)
) ENGINE=InnoDB AUTO_INCREMENT=4 DEFAULT CHARSET=utf8;

/* dumping data for table `oc_t_alerts` */
insert into `oc_t_alerts` values
(1,'vld.oana@yahoo.com',1,'{\"price_min\":0,\"price_max\":0,\"aCategories\":[\"98\"],\"city_areas\":[],\"cities\":[],\"regions\":[],\"countries\":[],\"withPattern\":false,\"sPattern\":null,\"tables\":[],\"tables_join\":[],\"no_catched_tables\":[],\"no_catched_conditions\":[],\"user_ids\":null,\"order_column\":\"i_price\",\"order_direction\":\"asc\",\"limit_init\":0,\"results_per_page\":\"12\"}','tX8ZjtV3',1,'DAILY','2015-06-07 11:36:09','2015-06-07 13:17:37'),
(2,'vld.oana@yahoo.com',1,'{\"price_min\":0,\"price_max\":0,\"aCategories\":[\"118\"],\"city_areas\":[],\"cities\":[],\"regions\":[],\"countries\":[],\"withPattern\":false,\"sPattern\":null,\"tables\":[],\"tables_join\":[],\"no_catched_tables\":[],\"no_catched_conditions\":[],\"user_ids\":null,\"order_column\":\"dt_pub_date\",\"order_direction\":\"desc\",\"limit_init\":0,\"results_per_page\":\"12\"}','BhOBirXs',1,'DAILY','2015-06-07 16:29:51',null),
(3,'vld.oana@yahoo.com',1,'{\"price_min\":0,\"price_max\":0,\"aCategories\":[],\"city_areas\":[],\"cities\":[],\"regions\":[\"oc_t_item_location.s_region LIKE \'Cluj\' \"],\"countries\":[],\"withPattern\":false,\"sPattern\":null,\"tables\":[],\"tables_join\":[],\"no_catched_tables\":[],\"no_catched_conditions\":[],\"user_ids\":null,\"order_column\":\"dt_pub_date\",\"order_direction\":\"desc\",\"limit_init\":0,\"results_per_page\":\"12\"}','QSKWuWqn',1,'DAILY','2015-06-07 16:33:55',null);

/* Table structure for table `oc_t_keywords` */
CREATE TABLE IF NOT EXISTS `oc_t_keywords` (
  `s_md5` varchar(32) NOT NULL,
  `fk_c_locale_code` char(5) NOT NULL,
  `s_original_text` varchar(255) NOT NULL,
  `s_anchor_text` varchar(255) NOT NULL,
  `s_normalized_text` varchar(255) NOT NULL,
  `fk_i_category_id` int(10) unsigned DEFAULT NULL,
  `fk_i_city_id` int(10) unsigned DEFAULT NULL,
  PRIMARY KEY (`s_md5`,`fk_c_locale_code`),
  KEY `fk_i_category_id` (`fk_i_category_id`),
  KEY `fk_i_city_id` (`fk_i_city_id`),
  KEY `fk_c_locale_code` (`fk_c_locale_code`),
  CONSTRAINT `oc_t_keywords_ibfk_1` FOREIGN KEY (`fk_i_category_id`) REFERENCES `oc_t_category` (`pk_i_id`),
  CONSTRAINT `oc_t_keywords_ibfk_2` FOREIGN KEY (`fk_i_city_id`) REFERENCES `oc_t_city` (`pk_i_id`),
  CONSTRAINT `oc_t_keywords_ibfk_3` FOREIGN KEY (`fk_c_locale_code`) REFERENCES `oc_t_locale` (`pk_c_code`)
) ENGINE=InnoDB DEFAULT CHARSET=utf8;


/* Table structure for table `oc_t_meta_fields` */
CREATE TABLE IF NOT EXISTS `oc_t_meta_fields` (
  `pk_i_id` int(10) unsigned NOT NULL AUTO_INCREMENT,
  `s_name` varchar(255) NOT NULL,
  `s_slug` varchar(255) NOT NULL,
  `e_type` enum('TEXT','TEXTAREA','DROPDOWN','RADIO','CHECKBOX','URL','DATE','DATEINTERVAL') NOT NULL DEFAULT 'TEXT',
  `s_options` varchar(2048) DEFAULT NULL,
  `b_required` tinyint(1) NOT NULL DEFAULT '0',
  `b_searchable` tinyint(1) NOT NULL DEFAULT '0',
  PRIMARY KEY (`pk_i_id`)
) ENGINE=InnoDB AUTO_INCREMENT=4 DEFAULT CHARSET=utf8;

/* dumping data for table `oc_t_meta_fields` */
insert into `oc_t_meta_fields` values
(1,'Conditie','stare','DROPDOWN',',Bun,Foarte bun,Nou,Uzat',0,0),
(2,'Marime','new-custom-field','DROPDOWN',',XS/34,S/36,M/38,L/40,XL/42,XXL/44',0,0),
(3,'Numar','new-custom-field_1','DROPDOWN',',35,36,37,38,39,40,41,42',0,0);

/* Table structure for table `oc_t_meta_categories` */
CREATE TABLE IF NOT EXISTS `oc_t_meta_categories` (
  `fk_i_category_id` int(10) unsigned NOT NULL,
  `fk_i_field_id` int(10) unsigned NOT NULL,
  PRIMARY KEY (`fk_i_category_id`,`fk_i_field_id`),
  KEY `fk_i_field_id` (`fk_i_field_id`),
  CONSTRAINT `oc_t_meta_categories_ibfk_1` FOREIGN KEY (`fk_i_category_id`) REFERENCES `oc_t_category` (`pk_i_id`),
  CONSTRAINT `oc_t_meta_categories_ibfk_2` FOREIGN KEY (`fk_i_field_id`) REFERENCES `oc_t_meta_fields` (`pk_i_id`)
) ENGINE=InnoDB DEFAULT CHARSET=utf8;

/* dumping data for table `oc_t_meta_categories` */
insert into `oc_t_meta_categories` values
(97,1),
(98,1),
(99,1),
(100,1),
(101,1),
(102,1),
(103,1),
(104,1),
(105,1),
(106,1),
(107,1),
(108,1),
(109,1),
(110,1),
(111,1),
(112,1),
(113,1),
(97,2),
(98,2),
(99,2),
(100,2),
(101,2),
(102,3),
(103,3),
(104,3),
(105,3);

/* Table structure for table `oc_t_item_meta` */
CREATE TABLE IF NOT EXISTS `oc_t_item_meta` (
  `fk_i_item_id` int(10) unsigned NOT NULL,
  `fk_i_field_id` int(10) unsigned NOT NULL,
  `s_value` text,
  `s_multi` varchar(20) NOT NULL DEFAULT '',
  PRIMARY KEY (`fk_i_item_id`,`fk_i_field_id`,`s_multi`),
  KEY `s_value` (`s_value`(255)),
  KEY `fk_i_field_id` (`fk_i_field_id`),
  CONSTRAINT `oc_t_item_meta_ibfk_1` FOREIGN KEY (`fk_i_item_id`) REFERENCES `oc_t_item` (`pk_i_id`),
  CONSTRAINT `oc_t_item_meta_ibfk_2` FOREIGN KEY (`fk_i_field_id`) REFERENCES `oc_t_meta_fields` (`pk_i_id`)
) ENGINE=InnoDB DEFAULT CHARSET=utf8;

/* dumping data for table `oc_t_item_meta` */
insert into `oc_t_item_meta` values
(11,1,'Bun',''),
(11,2,'',''),
(12,1,'Bun',''),
(12,2,'',''),
(13,1,'Bun',''),
(13,2,'',''),
(14,1,'Bun',''),
(14,2,'','');

/* Table structure for table `oc_t_alerts_sent` */
CREATE TABLE IF NOT EXISTS `oc_t_alerts_sent` (
  `d_date` date NOT NULL,
  `i_num_alerts_sent` int(10) unsigned NOT NULL DEFAULT '0',
  PRIMARY KEY (`d_date`)
) ENGINE=InnoDB DEFAULT CHARSET=utf8;


/* Table structure for table `oc_t_ban_rule` */
CREATE TABLE IF NOT EXISTS `oc_t_ban_rule` (
  `pk_i_id` int(10) unsigned NOT NULL AUTO_INCREMENT,
  `s_name` varchar(250) NOT NULL DEFAULT '',
  `s_ip` varchar(50) NOT NULL DEFAULT '',
  `s_email` varchar(250) NOT NULL DEFAULT '',
  PRIMARY KEY (`pk_i_id`)
) ENGINE=InnoDB DEFAULT CHARSET=utf8;


/* Table structure for table `oc_t_city_stats` */
CREATE TABLE IF NOT EXISTS `oc_t_city_stats` (
  `fk_i_city_id` int(10) unsigned NOT NULL,
  `i_num_items` int(10) unsigned NOT NULL DEFAULT '0',
  PRIMARY KEY (`fk_i_city_id`),
  KEY `idx_num_items` (`i_num_items`),
  CONSTRAINT `oc_t_city_stats_ibfk_1` FOREIGN KEY (`fk_i_city_id`) REFERENCES `oc_t_city` (`pk_i_id`)
) ENGINE=InnoDB DEFAULT CHARSET=utf8;

/* dumping data for table `oc_t_city_stats` */
insert into `oc_t_city_stats` values
(464505,1),
(463603,4);

/* Table structure for table `oc_t_country_stats` */
CREATE TABLE IF NOT EXISTS `oc_t_country_stats` (
  `fk_c_country_code` char(2) NOT NULL,
  `i_num_items` int(10) unsigned NOT NULL DEFAULT '0',
  PRIMARY KEY (`fk_c_country_code`),
  KEY `idx_num_items` (`i_num_items`),
  CONSTRAINT `oc_t_country_stats_ibfk_1` FOREIGN KEY (`fk_c_country_code`) REFERENCES `oc_t_country` (`pk_c_code`)
) ENGINE=InnoDB DEFAULT CHARSET=utf8;

/* dumping data for table `oc_t_country_stats` */
insert into `oc_t_country_stats` values
('RO',3);

/* Table structure for table `oc_t_facebook_connect` */
CREATE TABLE IF NOT EXISTS `oc_t_facebook_connect` (
  `fk_i_user_id` int(10) unsigned NOT NULL,
  `i_facebook_uid` varchar(30) DEFAULT NULL,
  PRIMARY KEY (`fk_i_user_id`),
  CONSTRAINT `oc_t_facebook_connect_ibfk_1` FOREIGN KEY (`fk_i_user_id`) REFERENCES `oc_t_user` (`pk_i_id`)
) ENGINE=InnoDB DEFAULT CHARSET=utf8;


/* Table structure for table `oc_t_latest_searches` */
CREATE TABLE IF NOT EXISTS `oc_t_latest_searches` (
  `d_date` datetime NOT NULL,
  `s_search` varchar(255) NOT NULL
) ENGINE=InnoDB DEFAULT CHARSET=utf8;


/* Table structure for table `oc_t_locations_tmp` */
CREATE TABLE IF NOT EXISTS `oc_t_locations_tmp` (
  `id_location` varchar(10) NOT NULL,
  `e_type` enum('COUNTRY','REGION','CITY') NOT NULL,
  PRIMARY KEY (`id_location`,`e_type`)
) ENGINE=InnoDB DEFAULT CHARSET=utf8;


/* Table structure for table `oc_t_log` */
CREATE TABLE IF NOT EXISTS `oc_t_log` (
  `dt_date` datetime NOT NULL,
  `s_section` varchar(50) NOT NULL,
  `s_action` varchar(50) NOT NULL,
  `fk_i_id` int(10) unsigned NOT NULL,
  `s_data` varchar(250) NOT NULL,
  `s_ip` varchar(50) NOT NULL,
  `s_who` varchar(50) NOT NULL,
  `fk_i_who_id` int(10) unsigned NOT NULL
) ENGINE=InnoDB DEFAULT CHARSET=utf8;

/* dumping data for table `oc_t_log` */
insert into `oc_t_log` values
('2015-05-27 12:13:50','item','add',1,'Example Ad','::1','admin',0),
('2015-05-27 11:05:38','item','add',2,'Rochie Bershka','::1','user',0),
('2015-05-27 11:18:01','item','add',3,'Fusta','::1','user',0),
('2015-05-27 15:52:57','itemActions','deleteResourcesFromHD',1,'1','::1','admin',1),
('2015-05-27 15:52:57','itemActions','deleteResourcesFromHD',1,'0','::1','admin',1),
('2015-05-27 15:52:57','item','delete',1,' in Example city','::1','admin',1),
('2015-05-27 15:52:57','Item','deleteResourcesFromHD',1,'1','::1','admin',1),
('2015-05-27 15:52:57','Item','deleteResourcesFromHD',1,'0','::1','admin',1),
('2015-05-27 15:54:04','item','edit',2,'','::1','admin',1),
('2015-05-27 15:54:36','item','edit',3,'','::1','admin',1),
('2015-05-27 16:10:09','user','add',1,'vld.oana@yahoo.com','::1','user',1),
('2015-05-27 21:41:34','item','add',4,'Fusta','::1','user',0),
('2015-05-27 21:46:14','item','add',5,'Fusta','::1','user',0),
('2015-05-28 11:58:09','user','activate',1,'vld.oana@yahoo.com','::1','admin',1),
('2015-05-28 15:54:30','user','edit',1,'vld.oana@yahoo.com','::1','user',1),
('2015-05-28 16:21:06','user','edit',1,'vld.oana@yahoo.com','::1','user',1),
('2015-05-28 19:10:06','itemActions','deleteResourcesFromHD',4,'4','::1','admin',1),
('2015-05-28 19:10:06','itemActions','deleteResourcesFromHD',4,'0','::1','admin',1),
('2015-05-28 19:10:06','item','delete',4,'Fuste in Cluj-Napoca','::1','admin',1),
('2015-05-28 19:10:06','Item','deleteResourcesFromHD',4,'4','::1','admin',1),
('2015-05-28 19:10:06','Item','deleteResourcesFromHD',4,'0','::1','admin',1),
('2015-05-29 13:46:17','item','add',6,'Rochie neagra cu paiete','::1','user',1),
('2015-05-29 17:01:23','item','add',7,'Papuci','::1','user',1),
('2015-05-29 17:03:29','item','add',8,'Bluza Zara','::1','user',1),
('2015-05-29 17:04:21','itemActions','deleteResourcesFromHD',5,'5','::1','admin',1),
('2015-05-29 17:04:21','itemActions','deleteResourcesFromHD',5,'0','::1','admin',1),
('2015-05-29 17:04:21','item','delete',5,'Fuste in Cluj-Napoca','::1','admin',1),
('2015-05-29 17:04:21','Item','deleteResourcesFromHD',5,'5','::1','admin',1),
('2015-05-29 17:04:21','Item','deleteResourcesFromHD',5,'0','::1','admin',1),
('2015-05-29 17:04:31','itemActions','deleteResourcesFromHD',3,'3','::1','admin',1),
('2015-05-29 17:04:31','item','delete resource',2,'2','::1','admin',1),
('2015-05-29 17:04:31','itemActions','deleteResourcesFromHD',3,'2,','::1','admin',1),
('2015-05-29 17:04:31','item','delete',3,'Fusta','::1','admin',1),
('2015-05-29 17:04:31','Item','deleteResourcesFromHD',3,'3','::1','admin',1),
('2015-05-29 17:04:31','item','delete resource',2,'2','::1','admin',1),
('2015-05-29 17:04:31','Item','deleteResourcesFromHD',3,'2,','::1','admin',1),
('2015-05-29 17:07:48','item','add',9,'','::1','admin',1),
('2015-05-29 17:09:18','item','edit',9,'Camasa','::1','user',1),
('2015-05-29 17:10:16','item','add',10,'Fusta Mango','::1','user',1),
('2015-06-06 11:40:24','item','add',11,'Rochie','::1','user',0),
('2015-06-06 13:41:10','user','add',2,'test@test.com','::1','admin',1),
('2015-06-06 15:56:27','item','add',12,'Fusta','::1','user',2),
('2015-06-06 15:57:48','item','edit',12,'Fusta','::1','user',2),
('2015-06-07 11:15:28','item','edit',10,'Fusta Mango','::1','user',1),
('2015-06-07 12:30:33','itemActions','deleteResourcesFromHD',7,'7','::1','user',1),
('2015-06-07 12:30:33','item','delete resource',4,'4','::1','user',1),
('2015-06-07 12:30:33','itemActions','deleteResourcesFromHD',7,'4,','::1','user',1),
('2015-06-07 12:30:33','item','delete',7,'Pantofi in Cluj-Napoca','::1','user',1),
('2015-06-07 12:30:33','Item','deleteResourcesFromHD',7,'7','::1','user',1),
('2015-06-07 12:30:33','item','delete resource',4,'4','::1','user',1),
('2015-06-07 12:30:33','Item','deleteResourcesFromHD',7,'4,','::1','user',1),
('2015-06-07 12:30:44','itemActions','deleteResourcesFromHD',2,'2','::1','user',1),
('2015-06-07 12:30:44','item','delete resource',1,'1','::1','user',1),
('2015-06-07 12:30:44','itemActions','deleteResourcesFromHD',2,'1,','::1','user',1),
('2015-06-07 12:30:44','item','delete',2,'Rochie Bershka','::1','user',1),
('2015-06-07 12:30:44','Item','deleteResourcesFromHD',2,'2','::1','user',1),
('2015-06-07 12:30:44','item','delete resource',1,'1','::1','user',1),
('2015-06-07 12:30:44','Item','deleteResourcesFromHD',2,'1,','::1','user',1),
('2015-06-07 12:43:13','itemActions','deleteResourcesFromHD',6,'6','::1','user',1),
('2015-06-07 12:43:13','item','delete resource',3,'3','::1','user',1),
('2015-06-07 12:43:13','itemActions','deleteResourcesFromHD',6,'3,','::1','user',1),
('2015-06-07 12:43:13','item','delete',6,'Rochii in Cluj-Napoca','::1','user',1),
('2015-06-07 12:43:13','Item','deleteResourcesFromHD',6,'6','::1','user',1),
('2015-06-07 12:43:13','item','delete resource',3,'3','::1','user',1),
('2015-06-07 12:43:13','Item','deleteResourcesFromHD',6,'3,','::1','user',1),
('2015-06-07 12:59:21','itemActions','deleteResourcesFromHD',8,'8','::1','user',1),
('2015-06-07 12:59:21','item','delete resource',5,'5','::1','user',1),
('2015-06-07 12:59:21','itemActions','deleteResourcesFromHD',8,'5,','::1','user',1),
('2015-06-07 12:59:21','item','delete',8,'Bluze in Cluj-Napoca','::1','user',1),
('2015-06-07 12:59:21','Item','deleteResourcesFromHD',8,'8','::1','user',1),
('2015-06-07 12:59:21','item','delete resource',5,'5','::1','user',1),
('2015-06-07 12:59:21','Item','deleteResourcesFromHD',8,'5,','::1','user',1),
('2015-06-07 15:57:57','itemActions','deleteResourcesFromHD',10,'10','::1','user',1),
('2015-06-07 15:57:57','item','delete resource',7,'7','::1','user',1),
('2015-06-07 15:57:57','item','delete resource',9,'9','::1','user',1),
('2015-06-07 15:57:57','itemActions','deleteResourcesFromHD',10,'7,9,','::1','user',1),
('2015-06-07 15:57:57','item','delete',10,'Fuste in Cluj-Napoca','::1','user',1),
('2015-06-07 15:57:57','Item','deleteResourcesFromHD',10,'10','::1','user',1),
('2015-06-07 15:57:57','item','delete resource',7,'7','::1','user',1),
('2015-06-07 15:57:57','item','delete resource',9,'9','::1','user',1),
('2015-06-07 15:57:57','Item','deleteResourcesFromHD',10,'7,9,','::1','user',1),
('2015-06-07 15:58:50','item','add',13,'Fusta','::1','user',1),
('2015-06-07 16:05:07','item','add',14,'Fusta Mango','::1','user',1);

/* Table structure for table `oc_t_pm_drafts` */
CREATE TABLE IF NOT EXISTS `oc_t_pm_drafts` (
  `pm_id` int(10) unsigned NOT NULL AUTO_INCREMENT,
  `sender_id` int(10) DEFAULT NULL,
  `recip_id` int(10) DEFAULT NULL,
  `pm_subject` varchar(128) DEFAULT NULL,
  `pm_message` text,
  `message_date` timestamp NOT NULL DEFAULT CURRENT_TIMESTAMP ON UPDATE CURRENT_TIMESTAMP,
  `senderDelete` int(1) DEFAULT '0',
  `recipDelete` int(1) DEFAULT '0',
  `recipNew` int(1) DEFAULT '1',
  PRIMARY KEY (`pm_id`)
) ENGINE=InnoDB DEFAULT CHARSET=utf8;


/* Table structure for table `oc_t_pm_messages` */
CREATE TABLE IF NOT EXISTS `oc_t_pm_messages` (
  `pm_id` int(10) unsigned NOT NULL AUTO_INCREMENT,
  `sender_id` int(10) DEFAULT NULL,
  `recip_id` int(10) DEFAULT NULL,
  `pm_subject` varchar(128) DEFAULT NULL,
  `pm_message` text,
  `message_date` timestamp NOT NULL DEFAULT CURRENT_TIMESTAMP,
  `senderDelete` int(1) DEFAULT '0',
  `recipDelete` int(1) DEFAULT '0',
  `recipNew` int(1) DEFAULT '1',
  `pm_thread` int(10) DEFAULT NULL,
  PRIMARY KEY (`pm_id`)
) ENGINE=InnoDB AUTO_INCREMENT=5 DEFAULT CHARSET=utf8;

/* dumping data for table `oc_t_pm_messages` */
insert into `oc_t_pm_messages` values
(1,2,1,'Fuste in Cluj-Napoca','aaa','2015-06-06 13:45:45',1,0,0,1),
(2,1,0,'[No subject]','ni','2015-06-06 14:14:01',1,0,1,2),
(3,1,2,'Odgovor za: Fuste in Cluj-Napoca','bbb','2015-06-06 14:15:10',1,0,0,1),
(4,2,1,'Odgovor za: Fuste in Cluj-Napoca','ccc','2015-06-06 14:26:33',1,0,0,1);

/* Table structure for table `oc_t_pm_settings` */
CREATE TABLE IF NOT EXISTS `oc_t_pm_settings` (
  `id` int(11) unsigned NOT NULL AUTO_INCREMENT,
  `fk_i_user_id` int(11) DEFAULT NULL,
  `send_email` enum('1','0') DEFAULT NULL,
  `flash_alert` enum('1','0') DEFAULT NULL,
  `save_sent` enum('1','0') DEFAULT NULL,
  PRIMARY KEY (`id`)
) ENGINE=InnoDB AUTO_INCREMENT=3 DEFAULT CHARSET=utf8;

/* dumping data for table `oc_t_pm_settings` */
insert into `oc_t_pm_settings` values
(1,1,'1','0','0'),
(2,1,'1','0','0');

/* Table structure for table `oc_t_region_stats` */
CREATE TABLE IF NOT EXISTS `oc_t_region_stats` (
  `fk_i_region_id` int(10) unsigned NOT NULL,
  `i_num_items` int(10) unsigned NOT NULL DEFAULT '0',
  PRIMARY KEY (`fk_i_region_id`),
  KEY `idx_num_items` (`i_num_items`),
  CONSTRAINT `oc_t_region_stats_ibfk_1` FOREIGN KEY (`fk_i_region_id`) REFERENCES `oc_t_region` (`pk_i_id`)
) ENGINE=InnoDB DEFAULT CHARSET=utf8;

/* dumping data for table `oc_t_region_stats` */
insert into `oc_t_region_stats` values
(782179,1),
(782166,4);

/* Table structure for table `oc_t_user_email_tmp` */
CREATE TABLE IF NOT EXISTS `oc_t_user_email_tmp` (
  `fk_i_user_id` int(10) unsigned NOT NULL,
  `s_new_email` varchar(100) NOT NULL,
  `dt_date` datetime NOT NULL,
  PRIMARY KEY (`fk_i_user_id`),
  CONSTRAINT `oc_t_user_email_tmp_ibfk_1` FOREIGN KEY (`fk_i_user_id`) REFERENCES `oc_t_user` (`pk_i_id`)
) ENGINE=InnoDB DEFAULT CHARSET=utf8;


/* Table structure for table `oc_t_voting_item` */
CREATE TABLE IF NOT EXISTS `oc_t_voting_item` (
  `fk_i_item_id` int(10) unsigned NOT NULL,
  `fk_i_user_id` int(10) unsigned DEFAULT NULL,
  `i_vote` int(10) unsigned NOT NULL,
  `s_hash` varchar(255) DEFAULT NULL,
  KEY `fk_i_item_id` (`fk_i_item_id`),
  CONSTRAINT `oc_t_voting_item_ibfk_1` FOREIGN KEY (`fk_i_item_id`) REFERENCES `oc_t_item` (`pk_i_id`)
) ENGINE=InnoDB DEFAULT CHARSET=utf8;


/* Table structure for table `oc_t_voting_user` */
CREATE TABLE IF NOT EXISTS `oc_t_voting_user` (
  `i_user_voted` int(10) unsigned NOT NULL,
  `i_user_voter` int(10) unsigned NOT NULL,
  `i_vote` int(10) unsigned NOT NULL
) ENGINE=InnoDB DEFAULT CHARSET=utf8;

/* dumping data for table `oc_t_voting_user` */
insert into `oc_t_voting_user` values
(0,2,4);

